Draft year,Round,Pick,Team,Player,Postion,College,Conference,Notes/Trades
2011,1,1,Carolina Panthers,Cam Newton,QB,Auburn,SEC,2010Heisman Trophywinner[N 2]
2011,1,2,Denver Broncos,Von Miller,LB,Texas A&M,Big 12,
2011,1,3,Buffalo Bills,Marcell Dareus,DT,Alabama,SEC,
2011,1,4,Cincinnati Bengals,A. J. Green,WR,Georgia,SEC,
2011,1,5,Arizona Cardinals,Patrick Peterson,CB,LSU,SEC,
2011,1,6,Atlanta Falcons,Julio Jones,WR,Alabama,SEC,fromCleveland[R1 - 1]
2011,1,7,San Francisco 49ers,Aldon Smith,LB,Missouri,Big 12,
2011,1,8,Tennessee Titans,Jake Locker,QB,Washington,Pac-10,
2011,1,9,Dallas Cowboys,Tyron Smith,OT,USC,Pac-10,
2011,1,10,Jacksonville Jaguars,Blaine Gabbert,QB,Missouri,Big 12,fromWashington[R1 - 2]
2011,1,11,Houston Texans,J. J. Watt,DE,Wisconsin,Big Ten,
2011,1,12,Minnesota Vikings,Christian Ponder,QB,Florida State,ACC,
2011,1,13,Detroit Lions,Nick Fairley,DT,Auburn,SEC,
2011,1,14,St. Louis Rams,Robert Quinn,DE,North Carolina,ACC,
2011,1,15,Miami Dolphins,Mike Pouncey,C,Florida,SEC,
2011,1,16,Washington Redskins,Ryan Kerrigan,DE,Purdue,Big Ten,fromJacksonville[R1 - 3]
2011,1,17,New England Patriots,Nate Solder,OT,Colorado,Big 12,fromOakland[R1 - 4]
2011,1,18,San Diego Chargers,Corey Liuget,DT,Illinois,Big Ten,
2011,1,19,New York Giants,Prince Amukamara,CB,Nebraska,Big 12,
2011,1,20,Tampa Bay Buccaneers,Adrian Clayborn,DE,Iowa,Big Ten,
2011,1,21,Cleveland Browns,Phil Taylor Sr.,DT,Baylor,Big 12,fromKansas City[R1 - 5]
2011,1,22,Indianapolis Colts,Anthony Castonzo,OT,Boston College,ACC,
2011,1,23,Philadelphia Eagles,Danny Watkins,G,Baylor,Big 12,
2011,1,24,New Orleans Saints,Cameron Jordan,DE,California,Pac-10,
2011,1,25,Seattle Seahawks,James Carpenter,OT,Alabama,SEC,
2011,1,26,Kansas City Chiefs,Jonathan Baldwin,WR,Pittsburgh,Big East,fromAtlantaviaCleveland[R1 - 6]
2011,1,27,Baltimore Ravens,Jimmy Smith,CB,Colorado,Big 12,in lieu ofpick 26(time expired)[N 3]
2011,1,28,New Orleans Saints,Mark Ingram Jr.,RB,Alabama,SEC,"fromNew England[R1 - 7], 2009Heisman Trophywinner[N 4]"
2011,1,29,Chicago Bears,Gabe Carimi,OT,Wisconsin,Big Ten,
2011,1,30,New York Jets,Muhammad Wilkerson,DE,Temple,MAC,
2011,1,31,Pittsburgh Steelers,Cameron Heyward,DE,Ohio State,Big Ten,
2011,1,32,Green Bay Packers,Derek Sherrod,OT,Mississippi State,SEC,
2011,2,33,New England Patriots,Ras-I Dowling,CB,Virginia,ACC,fromCarolina[R2 - 1]
2011,2,34,Buffalo Bills,Aaron Williams,CB,Texas,Big 12,
2011,2,35,Cincinnati Bengals,Andy Dalton,QB,TCU,MWC,
2011,2,36,San Francisco 49ers,Colin Kaepernick,QB,Nevada,WAC,fromDenver[R2 - 2]
2011,2,37,Cleveland Browns,Jabaal Sheard,DE,Pittsburgh,Big East,
2011,2,38,Arizona Cardinals,Ryan Williams,RB,Virginia Tech,ACC,
2011,2,39,Tennessee Titans,Akeem Ayers,LB,UCLA,Pac-10,
2011,2,40,Dallas Cowboys,Bruce Carter,LB,North Carolina,ACC,
2011,2,41,Washington Redskins,Jarvis Jenkins,DT,Clemson,ACC,
2011,2,42,Houston Texans,Brooks Reed,DE,Arizona,Pac-10,
2011,2,43,Minnesota Vikings,Kyle Rudolph,TE,Notre Dame,Ind. (FBS),
2011,2,44,Detroit Lions,Titus Young,WR,Boise State,WAC,
2011,2,45,Denver Broncos,Rahim Moore,S,UCLA,Pac-10,fromSan Francisco[R2 - 3]
2011,2,46,Denver Broncos,Orlando Franklin,OT,Miami (FL),ACC,fromMiami[R2 - 4]
2011,2,47,St. Louis Rams,Lance Kendricks,TE,Wisconsin,Big Ten,
2011,2,48,Oakland Raiders,Stefen Wisniewski,C,Penn State,Big Ten,
2011,2,49,Indianapolis Colts,Ben Ijalana,OT,Villanova,CAA,fromJacksonvilleviaWashington[R2 - 5]
2011,2,50,San Diego Chargers,Marcus Gilchrist,CB,Clemson,ACC,
2011,2,51,Tampa Bay Buccaneers,Da'Quan Bowers,DE,Clemson,ACC,
2011,2,52,New York Giants,Marvin Austin,DT,North Carolina,ACC,
2011,2,53,Chicago Bears,Stephen Paea,DT,Oregon State,Pac-10,fromIndianapolisviaWashington[R2 - 6]
2011,2,54,Philadelphia Eagles,Jaiquawn Jarrett,S,Temple,MAC,
2011,2,55,Kansas City Chiefs,Rodney Hudson,G,Florida State,ACC,
2011,2,56,New England Patriots,Shane Vereen,RB,California,Pac-10,fromNew Orleans[R2 - 7]
2011,2,57,Detroit Lions,Mikel Leshoure,RB,Illinois,Big Ten,fromSeattle[R2 - 8]
2011,2,58,Baltimore Ravens,Torrey Smith,WR,Maryland,ACC,
2011,2,59,Cleveland Browns,Greg Little,WR,North Carolina,ACC,fromAtlanta[R2 - 9]
2011,2,60,Houston Texans,Brandon Harris,CB,Miami (FL),ACC,fromNew England[R2 - 10]
2011,2,61,San Diego Chargers,Jonas Mouton,LB,Michigan,Big Ten,fromNew York Jets[R2 - 11]
2011,2,62,Miami Dolphins,Daniel Thomas,RB,Kansas State,Big 12,fromChicagoviaWashington[R2 - 12]
2011,2,63,Pittsburgh Steelers,Marcus Gilbert,OT,Florida,SEC,
2011,2,64,Green Bay Packers,Randall Cobb,WR,Kentucky,SEC,
2011,3,65,Carolina Panthers,Terrell McClain,DT,South Florida,Big East,
2011,3,66,Cincinnati Bengals,Dontay Moch,LB,Nevada,WAC,
2011,3,67,Denver Broncos,Nate Irving,LB,North Carolina State,ACC,
2011,3,68,Buffalo Bills,Kelvin Sheppard,LB,LSU,SEC,
2011,3,69,Arizona Cardinals,Rob Housler,TE,Florida Atlantic,Sun Belt,
2011,3,70,Kansas City Chiefs,Justin Houston,LB,Georgia,SEC,fromCleveland[R3 - 1]
2011,3,71,Dallas Cowboys,DeMarco Murray,RB,Oklahoma,Big 12,
2011,3,72,New Orleans Saints,Martez Wilson,LB,Illinois,Big Ten,fromWashington[R3 - 2]
2011,3,73,New England Patriots,Stevan Ridley,RB,LSU,SEC,fromHouston[R3 - 3]
2011,3,74,New England Patriots,Ryan Mallett,QB,Arkansas,SEC,fromMinnesota[R3 - 4]
2011,3,75,Seattle Seahawks,John Moffitt,G,Wisconsin,Big Ten,fromDetroit[R3 - 5]
2011,3,76,Jacksonville Jaguars,Will Rackley,G,Lehigh,Patriot,fromSan Francisco[R3 - 6]
2011,3,77,Tennessee Titans,Jurrell Casey,DT,USC,Pac-10,
2011,3,78,St. Louis Rams,Austin Pettis,WR,Boise State,WAC,
2011,3,79,Washington Redskins,Leonard Hankerson,WR,Miami (FL),ACC,fromMiami[R3 - 7]
2011,3,80,San Francisco 49ers,Chris Culliver,CB,South Carolina,SEC,fromJacksonville[R3 - 8]
2011,3,81,Oakland Raiders,DeMarcus Van Dyke,CB,Miami (FL),ACC,
2011,3,82,San Diego Chargers,Vincent Brown,WR,San Diego State,MWC,
2011,3,83,New York Giants,Jerrel Jernigan,WR,Troy,Sun Belt,
2011,3,84,Tampa Bay Buccaneers,Mason Foster,LB,Washington,Pac-10,
2011,3,85,Baltimore Ravens,Jah Reid,OT,Central Florida,C-USA,fromPhiladelphia[R3 - 9]
2011,3,86,Kansas City Chiefs,Allen Bailey,DE,Miami (FL),ACC,
2011,3,87,Indianapolis Colts,Drake Nevis,DT,LSU,SEC,
2011,3,88,New Orleans Saints,Johnny Patrick,CB,Louisville,Big East,
2011,3,89,San Diego Chargers,Shareece Wright,CB,USC,Pac-10,fromSeattle[R3 - 10]
2011,3,90,Philadelphia Eagles,Curtis Marsh,CB,Utah State,WAC,fromBaltimore[R3 - 11]
2011,3,91,Atlanta Falcons,Akeem Dent,LB,Georgia,SEC,
2011,3,92,Oakland Raiders,Joseph Barksdale,OT,LSU,SEC,fromNew England[R3 - 12]
2011,3,93,Chicago Bears,Chris Conte,S,California,Pac-10,
2011,3,94,New York Jets,Kenrick Ellis,DT,Hampton,MEAC,
2011,3,95,Pittsburgh Steelers,Curtis Brown,CB,Texas,Big 12,
2011,3,96,Green Bay Packers,Alex Green,RB,Hawaii,WAC,
2011,3,97,Carolina Panthers,Sione Fua,DT,Stanford,Pac-10,
2011,4,98,Carolina Panthers,Brandon Hogan,CB,West Virginia,Big East,
2011,4,99,Seattle Seahawks,K. J. Wright,LB,Mississippi State,SEC,fromDenverviaNew England[R4 - 1]
2011,4,100,Buffalo Bills,Da'Norris Searcy,S,North Carolina,ACC,
2011,4,101,Cincinnati Bengals,Clint Boling,G,Georgia,SEC,
2011,4,102,Cleveland Browns,Jordan Cameron,TE,USC,Pac-10,
2011,4,103,Arizona Cardinals,Sam Acho,DE,Texas,Big 12,
2011,4,104,Tampa Bay Buccaneers,Luke Stocker,TE,Tennessee,SEC,fromWashingtonviaPhiladelphia[R4 - 2]
2011,4,105,Washington Redskins,Roy Helu,RB,Nebraska,Big 12,fromHouston[R4 - 3]
2011,4,106,Minnesota Vikings,Christian Ballard,DE,Iowa,Big Ten,
2011,4,107,Seattle Seahawks,Kris Durham,WR,Georgia,SEC,fromDetroit[R4 - 4]
2011,4,108,Denver Broncos,Quinton Carter,S,Oklahoma,Big 12,fromSan Francisco[R4 - 5]
2011,4,109,Tennessee Titans,Colin McCarthy,LB,Miami (FL),ACC,
2011,4,110,Dallas Cowboys,David Arkin,G,Missouri State,MVFC,
2011,4,111,Miami Dolphins,Edmond Gates,WR,Abilene Christian,Lone Star,
2011,4,112,St. Louis Rams,Greg Salas,WR,Hawaii,WAC,
2011,4,113,Oakland Raiders,Chimdi Chekwa,CB,Ohio State,Big Ten,
2011,4,114,Jacksonville Jaguars,Cecil Shorts,WR,Mount Union,OAC,
2011,4,115,San Francisco 49ers,Kendall Hunter,RB,Oklahoma State,Big 12,fromSan Diego[R4 - 6]
2011,4,116,Philadelphia Eagles,Casey Matthews,LB,Oregon,Pac-10,fromTampa Bay[R4 - 7]
2011,4,117,New York Giants,James Brewer,OT,Indiana,Big Ten,
2011,4,118,Kansas City Chiefs,Jalil Brown,CB,Colorado,Big 12,
2011,4,119,Indianapolis Colts,Delone Carter,RB,Syracuse,Big East,
2011,4,120,Philadelphia Eagles,Alex Henery,K,Nebraska,Big 12,
2011,4,121,Jacksonville Jaguars,Chris Prosinski,S,Wyoming,MWC,fromNew Orleans[R4 - 8]
2011,4,122,Buffalo Bills,Chris Hairston,OT,Clemson,ACC,fromSeattle[R4 - 9]
2011,4,123,Baltimore Ravens,Tandon Doss,WR,Indiana,Big Ten,
2011,4,124,Cleveland Browns,Owen Marecic,FB,Stanford,Pac-10,fromAtlanta[R4 - 10]
2011,4,125,Oakland Raiders,Taiwan Jones,RB,Eastern Washington,Big Sky,fromNew England[R4 - 11]
2011,4,126,New York Jets,Bilal Powell,RB,Louisville,Big East,
2011,4,127,Houston Texans,Rashad Carmichael,CB,Virginia Tech,ACC,fromChicagoviaWashington[R4 - 12]
2011,4,128,Pittsburgh Steelers,Cortez Allen,CB,The Citadel,SoCon,
2011,4,129,Denver Broncos,Julius Thomas,TE,Portland State,Big Sky,fromGreen Bay[R4 - 13]
2011,4,130,Tennessee Titans,Jamie Harper,RB,Clemson,ACC,
2011,4,131,Green Bay Packers,Davon House,CB,New Mexico State,WAC,
2011,5,132,Carolina Panthers,Kealoha Pilares,WR,Hawaii,WAC,
2011,5,133,Buffalo Bills,Johnny White,RB,North Carolina,ACC,
2011,5,134,Cincinnati Bengals,Robert Sands,S,West Virginia,Big East,
2011,5,135,Kansas City Chiefs,Ricky Stanzi,QB,Iowa,Big Ten,fromDenverviaTampa Bay[R5 - 1]
2011,5,136,Arizona Cardinals,Anthony Sherman,FB,Connecticut,Big East,
2011,5,137,Cleveland Browns,Buster Skrine,CB,Chattanooga,SoCon,
2011,5,138,New England Patriots,Marcus Cannon,OT,TCU,MWC,fromHouston[R5 - 2]
2011,5,139,Minnesota Vikings,Brandon Burton,CB,Utah,MWC,
2011,5,140,Kansas City Chiefs,Gabe Miller,LB,Oregon State,Pac-10,fromDetroit[R5 - 3]
2011,5,141,Green Bay Packers,D. J. Williams,TE,Arkansas,SEC,fromSan FranciscoviaDenver[R5 - 4]
2011,5,142,Tennessee Titans,Karl Klug,DE,Iowa,Big Ten,
2011,5,143,Dallas Cowboys,Josh Thomas,CB,Buffalo,MAC,
2011,5,144,Houston Texans,Shiloh Keo,S,Idaho,WAC,fromWashington[R5 - 5]
2011,5,145,Atlanta Falcons,Jacquizz Rodgers,RB,Oregon State,Pac-10,fromSt. Louis[R5 - 6]
2011,5,146,Washington Redskins,Dejon Gomes,S,Nebraska,Big 12,fromMiami[R5 - 7]
2011,5,147,Jacksonville Jaguars,Rod Issac,CB,Middle Tennessee,Sun Belt,
2011,5,148,Oakland Raiders,Denarius Moore,WR,Tennessee,SEC,
2011,5,149,Philadelphia Eagles,Dion Lewis,RB,Pittsburgh,Big East,fromSan Diego[R5 - 8]
2011,5,150,Cleveland Browns,Jason Pinkston,OT,Pittsburgh,Big East,fromNew York GiantsviaMinnesota[R5 - 9]
2011,5,151,Tampa Bay Buccaneers,Ahmad Black,S,Florida,SEC,
2011,5,152,Houston Texans,T. J. Yates,QB,North Carolina,ACC,fromIndianapolisviaWashington[R5 - 10]
2011,5,153,New York Jets,Jeremy Kerley,WR,TCU,MWC,fromPhiladelphia[R5 - 11]
2011,5,154,Seattle Seahawks,Richard Sherman,CB,Stanford,Pac-10,fromKansas CityviaDetroit[R5 - 12]
2011,5,155,Washington Redskins,Niles Paul,WR,Nebraska,Big 12,fromNew Orleans[R5 - 13]
2011,5,156,Seattle Seahawks,Mark LeGree,S,Appalachian State,SoCon,
2011,5,157,Detroit Lions,Doug Hogue,LB,Syracuse,Big East,fromBaltimoreviaSeattle[R5 - 14]
2011,5,158,St. Louis Rams,Jermale Hines,S,Ohio State,Big Ten,fromAtlanta[R5 - 15]
2011,5,159,New England Patriots,Lee Smith,TE,Marshall,C-USA,
2011,5,160,Chicago Bears,Nathan Enderle,QB,Idaho,WAC,
2011,5,161,Philadelphia Eagles,Julian Vandervelde,G,Iowa,Big Ten,fromNew York Jets[R5 - 16]
2011,5,162,Pittsburgh Steelers,Chris Carter,LB,Fresno State,WAC,
2011,5,163,San Francisco 49ers,Daniel Kilgore,G,Appalachian State,SoCon,fromGreen Bay[R5 - 17]
2011,5,164,Baltimore Ravens,Chykie Brown,CB,Texas,Big 12,
2011,5,165,Baltimore Ravens,Pernell McPhee,DE,Mississippi State,SEC,
2011,6,166,Carolina Panthers,Lawrence Wilson,LB,Connecticut,Big East,
2011,6,167,Cincinnati Bengals,Ryan Whalen,WR,Stanford,Pac-10,
2011,6,168,Minnesota Vikings,DeMarcus Love,OT,Arkansas,SEC,fromDenverviaCleveland[R6 - 1]
2011,6,169,Buffalo Bills,Chris White,LB,Mississippi State,SEC,
2011,6,170,Minnesota Vikings,Mistral Raymond,S,South Florida,Big East,fromCleveland[R6 - 2]
2011,6,171,Arizona Cardinals,Quan Sturdivant,LB,North Carolina,ACC,
2011,6,172,Minnesota Vikings,Brandon Fusco,C,Slippery Rock,PSAC,
2011,6,173,Seattle Seahawks,Byron Maxwell,CB,Clemson,ACC,fromDetroit[R6 - 3]
2011,6,174,Miami Dolphins,Charles Clay,FB,Tulsa,C-USA,fromSan FranciscoviaGreen Bay[R6 - 4]
2011,6,175,Tennessee Titans,Byron Stingily,OT,Louisville,Big East,
2011,6,176,Dallas Cowboys,Dwayne Harris,WR,East Carolina,C-USA,
2011,6,177,Washington Redskins,Evan Royster,RB,Penn State,Big Ten,
2011,6,178,Washington Redskins,Aldrick Robinson,WR,SMU,C-USA,fromHouston[R6 - 5]
2011,6,179,Green Bay Packers,Caleb Schlauderaff,G,Utah,MWC,fromMiami[R6 - 6]
2011,6,180,Baltimore Ravens,Tyrod Taylor,QB,Virginia Tech,ACC,fromSt. Louis[R6 - 7]
2011,6,181,Oakland Raiders,Richard Gordon,TE,Miami (FL),ACC,
2011,6,182,San Francisco 49ers,Ronald Johnson,WR,USC,Pac-10,fromJacksonville[R6 - 8]
2011,6,183,San Diego Chargers,Jordan Todman,RB,Connecticut,Big East,
2011,6,184,Arizona Cardinals,David Carter,DT,UCLA,Pac-10,fromTampa BayviaPhiladelphia[R6 - 9]
2011,6,185,New York Giants,Greg Jones,LB,Michigan State,Big Ten,
2011,6,186,Green Bay Packers,D. J. Smith,OLB,Appalachian State,SoCon,fromPhiladelphiaviaDetroitandDenver[R6 - 10]
2011,6,187,Tampa Bay Buccaneers,Allen Bradford,RB,USC,Pac-10,fromKansas City[R6 - 11]
2011,6,188,Indianapolis Colts,Chris L. Rucker,CB,Michigan State,Big Ten,
2011,6,189,Denver Broncos,Mike Mohamed,LB,California,Pac-10,fromNew OrleansviaNew England[R6 - 12]
2011,6,190,San Francisco 49ers,Colin Jones,S,TCU,MWC,fromSeattle[R6 - 13]
2011,6,191,Philadelphia Eagles,Jason Kelce,C,Cincinnati,Big East,fromBaltimore[R6 - 14]
2011,6,192,Atlanta Falcons,Matt Bosher,P,Miami (FL),ACC,
2011,6,193,Philadelphia Eagles,Brian Rolle,LB,Ohio State,Big Ten,fromNew England[R6 - 15]
2011,6,194,New England Patriots,Markell Carter,DE,Central Arkansas,Southland,fromNew York JetsviaPhiladelphia[R6 - 16]
2011,6,195,Chicago Bears,J. T. Thomas,LB,West Virginia,Big East,
2011,6,196,Pittsburgh Steelers,Keith Williams,G,Nebraska,Big 12,
2011,6,197,Green Bay Packers,Ricky Elmore,DE,Arizona,Pac-10,
2011,6,198,New York Giants,Tyler Sash,S,Iowa,Big Ten,
2011,6,199,Kansas City Chiefs,Jerrell Powe,DT,Ole Miss,SEC,
2011,6,200,Minnesota Vikings,Ross Homan,LB,Ohio State,Big Ten,
2011,6,201,San Diego Chargers,Stephen Schilling,G,Michigan,Big Ten,
2011,6,202,New York Giants,Jacquian Williams,LB,South Florida,Big East,
2011,6,203,Carolina Panthers,Zack Williams,C,Washington State,Pac-10,
2011,7,204,Denver Broncos,Virgil Green,TE,Nevada,WAC,fromCarolinaviaGreen Bay[R7 - 1]
2011,7,205,Seattle Seahawks,Lazarius Levingston,DE,LSU,SEC,fromDenverviaDetroit[R7 - 2]
2011,7,206,Buffalo Bills,Justin Rogers,CB,Richmond,CAA,
2011,7,207,Cincinnati Bengals,Korey Lindsey,CB,Southern Illinois,MVFC,
2011,7,208,New York Jets,Greg McElroy,QB,Alabama,SEC,fromArizona[R7 - 3]
2011,7,209,Detroit Lions,JohnnyCulbreath,OT,South Carolina State,MEAC,fromClevelandviaSeattle[R7 - 4]
2011,7,210,Atlanta Falcons,AndrewJackson,G,Fresno State,WAC,fromDetroit[R7 - 5]
2011,7,211,San Francisco 49ers,Bruce Miller,FB,Central Florida,C-USA,
2011,7,212,Tennessee Titans,Zach Clayton,DT,Auburn,SEC,
2011,7,213,Washington Redskins,Brandyn Thompson,CB,Boise State,WAC,
2011,7,214,Houston Texans,Derek Newton,OT,Arkansas State University,Sun Belt,
2011,7,215,Minnesota Vikings,D'Aundre Reed,DE,Arizona,Pac-10,
2011,7,216,St. Louis Rams,Mikail Baker,CB,Baylor,Big 12,
2011,7,217,Washington Redskins,Maurice Hurt,OT,Florida,SEC,fromMiami[R7 - 6]
2011,7,218,Green Bay Packers,Ryan Taylor,TE,North Carolina,ACC,fromJacksonvilleviaMiami[R7 - 7]
2011,7,219,New England Patriots,Malcolm Williams,CB,TCU,MWC,fromOakland[R7 - 8]
2011,7,220,Dallas Cowboys,Shaun Chapas,FB,Georgia,SEC,fromSan Diego[R7 - 9]
2011,7,221,New York Giants,Da'Rel Scott,RB,Maryland,ACC,
2011,7,222,Tampa Bay Buccaneers,Anthony Gaitor,CB,Florida International,Sun Belt,
2011,7,223,Kansas City Chiefs,Shane Bannon,FB,Yale,Ivy,
2011,7,224,Washington Redskins,Markus White,DE,Florida State,ACC,fromIndianapolis[R7 - 10]
2011,7,225,Baltimore Ravens,Anthony Allen,RB,Georgia Tech,ACC,fromPhiladelphia[R7 - 11]
2011,7,226,New Orleans Saints,Greg Romeus,DE,Pittsburgh,Big East,
2011,7,227,New York Jets,Scotty McKnight,WR,Colorado,Big 12,fromSeattleviaPhiladelphia[R7 - 12]
2011,7,228,St. Louis Rams,Jabara Williams,LB,Stephen F. Austin,Southland,fromBaltimore[R7 - 13]
2011,7,229,St. Louis Rams,Jonathan Nelson,CB,Oklahoma,Big 12,fromAtlanta[R7 - 14]
2011,7,230,Atlanta Falcons,Cliff Matthews,DE,South Carolina,SEC,fromNew England[R7 - 15]
2011,7,231,Miami Dolphins,Frank Kearse,DT,Alabama A&M,SWAC,"fromNew York JetsviaDetroit,San FranciscoandGreen Bay[R7 - 16]"
2011,7,232,Pittsburgh Steelers,Baron Batch,RB,Texas Tech,Big 12,
2011,7,233,Green Bay Packers,Lawrence Guy,DT,Arizona State,Pac-10,
2011,7,234,San Diego Chargers,Andrew Gachkar,LB,Missouri,Big 12,
2011,7,235,Miami Dolphins,Jimmy Wilson,CB,Montana,Big Sky,
2011,7,236,Minnesota Vikings,Stephen Burton,WR,West Texas A&M,Lone Star,
2011,7,237,Philadelphia Eagles,"Greg Lloyd, Jr.",LB,Connecticut,Big East,
2011,7,238,Tampa Bay Buccaneers,Daniel Hardy,TE,Idaho,WAC,
2011,7,239,San Francisco 49ers,Mike Person,OT,Montana State University,Big Sky,
2011,7,240,Philadelphia Eagles,Stanley Havili,FB,USC,Pac-10,
2011,7,241,Oakland Raiders,David Ausberry,WR,USC,Pac-10,
2011,7,242,Seattle Seahawks,Malcolm Smith,LB,USC,Pac-10,
2011,7,243,New Orleans Saints,Nate Bussey,LB,Illinois,Big Ten,
2011,7,244,Carolina Panthers,Lee Ziemba,OT,Auburn,SEC,
2011,7,245,Buffalo Bills,Michael Jasper,G,Bethel (TN),Mid-South,
2011,7,246,Cincinnati Bengals,Jay Finley,RB,Baylor,Big 12,
2011,7,247,Denver Broncos,Jeremy Beal,LB,Oklahoma,Big 12,
2011,7,248,Cleveland Browns,Eric Hagg,CB,Nebraska,Big 12,
2011,7,249,Arizona Cardinals,DeMarco Sampson,WR,San Diego State,MWC,
2011,7,250,San Francisco 49ers,CurtisHolcomb,CB,Florida A&M,MEAC,
2011,7,251,Tennessee Titans,Tommie Campbell,CB,California (PA),PSAC,
2011,7,252,Dallas Cowboys,Bill Nagy,C,Wisconsin,Big Ten,
2011,7,253,Washington Redskins,Chris Neild,DT,West Virginia,Big East,
2011,7,254,Houston Texans,Cheta Ozougwu,DE,Rice,C-USA,
