Draft year,Round,Player ,Position,Conference
2009,1,Matthew Stafford,QB,SEC
2009,1,Jason Smith,OT,Big 12
2009,1,Tyson Jackson,DE,SEC
2009,1,Aaron Curry,LB,ACC
2009,1,Mark Sanchez,QB,Pac-10
2009,1,Andre Smith,OT,SEC
2009,1,Darrius Heyward-Bey,WR,ACC
2009,1,Eugene Monroe,OT,ACC
2009,1,B. J. Raji,DT,ACC
2009,1,Michael Crabtree,WR,Big 12
2009,1,Aaron Maybin,DE,Big Ten
2009,1,Knowshon Moreno,RB,SEC
2009,1,Brian Orakpo,DE,Big 12
2009,1,Malcolm Jenkins,CB,Big Ten
2009,1,Brian Cushing,LB,Pac-10
2009,1,Larry English,DE,MAC
2009,1,Josh Freeman,QB,Big 12
2009,1,Robert Ayers,DE,SEC
2009,1,Jeremy Maclin,WR,Big 12
2009,1,Brandon Pettigrew,TE,Big 12
2009,1,Alex Mack,C,Pac-10
2009,1,Percy Harvin,WR,SEC
2009,1,Michael Oher,OT,SEC
2009,1,Peria Jerry,DT,SEC
2009,1,Vontae Davis,CB,Big Ten
2009,1,Clay Matthews,LB,Pac-10
2009,1,Donald Brown,RB,Big East
2009,1,Eric Wood,C,Big East
2009,1,Hakeem Nicks,WR,ACC
2009,1,Kenny Britt,WR,Big East
2009,1,Beanie Wells,RB,Big Ten
2009,1,Ziggy Hood,DT,Big 12
2009,2,Louis Delmas,S,MAC
2009,2,Patrick Chung,S,Pac-10
2009,2,James Laurinaitis,LB,Big Ten
2009,2,Brian Robiskie,WR,Big Ten
2009,2,Alphonso Smith,CB,ACC
2009,2,Rey Maualuga,LB,Pac-10
2009,2,Eben Britton,OT,Pac-10
2009,2,Ron Brace,DT,ACC
2009,2,Darius Butler,CB,Big East
2009,2,Jairus Byrd,S,Pac-10
2009,2,Everette Brown,DE,ACC
2009,2,Pat White,QB,Big East
2009,2,Clint Sintim,LB,ACC
2009,2,Connor Barwin,DE,Big East
2009,2,Michael Mitchell,S,MAC
2009,2,Darcel McBath,S,Big 12
2009,2,Max Unger,C,Pac-10
2009,2,Mohamed Massaquoi,WR,SEC
2009,2,Andy Levitre,G,Pac-10
2009,2,David Veikune,DE,WAC
2009,2,LeSean McCoy,RB,Big East
2009,2,Phil Loadholt,OT,Big 12
2009,2,William Moore,S,Big 12
2009,2,Fili Moala,DT,Pac-10
2009,2,Paul Kruger,DE,MWC
2009,2,Sebastian Vollmer,OT,C-USA
2009,2,Sherrod Martin,CB,Sun Belt
2009,2,William Beatty,OT,Big East
2009,2,Sean Smith,CB,MWC
2009,2,Sen'Derrick Marks,DT,SEC
2009,2,Cody Brown,DE,Big East
2009,2,Richard Quinn,TE,ACC
2009,3,Shonn Greene,RB,Big Ten
2009,3,Bradley Fletcher,CB,Big Ten
2009,3,Alex Magee,DT,Big Ten
2009,3,Jarron Gilbert,DT,WAC
2009,3,Jason Williams,LB,MVFC
2009,3,Michael Johnson,DE,ACC
2009,3,Matt Shaughnessy,DE,Big Ten
2009,3,Terrance Knighton,DT,MAC
2009,3,Derek Cox,CB,CAA
2009,3,Glen Coffee,RB,SEC
2009,3,Robert Brewster,OT,MAC
2009,3,DeAndre Levy,LB,Big Ten
2009,3,Antoine Caldwell,C,SEC
2009,3,Louis Vasquez,G,Big 12
2009,3,Kraig Urbik,G,Big Ten
2009,3,Kevin Barnes,CB,ACC
2009,3,Roy Miller,DT,Big 12
2009,3,Derrick Williams,WR,Big Ten
2009,3,Brandon Tate,WR,ACC
2009,3,Mike Wallace,WR,SEC
2009,3,Ramses Barden,WR,Great West
2009,3,Asher Allen,CB,SEC
2009,3,Patrick Turner,WR,Pac-10
2009,3,Lardarius Webb,CB,Southland
2009,3,Jared Cook,TE,SEC
2009,3,Christopher Owens,CB,WAC
2009,3,Deon Butler,WR,Big Ten
2009,3,Jerraud Powers,CB,SEC
2009,3,Corvey Irvin,DT,SEC
2009,3,Ryan Mouton,CB,WAC
2009,3,Rashad Johnson,S,SEC
2009,3,Keenan Lewis,CB,Pac-10
2009,3,Tyrone McKenzie,LB,Big East
2009,3,Chase Coffman,TE,Big 12
2009,3,Juaquin Iglesias,WR,Big 12
2009,3,Travis Beckum,TE,Big Ten
2009,4,Stephen McGee,QB,Big 12
2009,4,Donald Washington,CB,Big Ten
2009,4,Darell Scott,DT,ACC
2009,4,Kaluka Maiava,LB,Pac-10
2009,4,Henry Melton,DE,Big 12
2009,4,Jonathan Luigs,C,SEC
2009,4,Mike Thomas,WR,Pac-10
2009,4,Brian Hartline,WR,Big Ten
2009,4,T. J. Lang,OT,MAC
2009,4,Victor Butler,DE,Pac-10
2009,4,Mike Goodson,RB,Big 12
2009,4,Glover Quin,S,MWC
2009,4,Vaughn Martin,DT,OUA
2009,4,David Bruton,S,Ind. (FBS)
2009,4,Sammie Hill,DT,SIAC
2009,4,Chip Vaughn,S,ACC
2009,4,Kyle Moore,DE,Pac-10
2009,4,Stanley Arnoux,LB,ACC
2009,4,D. J. Moore,CB,SEC
2009,4,Brandon Williams,DE,Big 12
2009,4,Shawn Nelson,TE,C-USA
2009,4,Anthony Hill,TE,ACC
2009,4,Rich Ohrnberger,G,Big Ten
2009,4,Louis Murphy,WR,SEC
2009,4,Lawrence Sidbury,DE,CAA
2009,4,Slade Norris,DE,Pac-10
2009,4,Austin Collie,WR,MWC
2009,4,Tony Fiammetta,FB,Big East
2009,4,Andre Brown,RB,ACC
2009,4,Gerald McRath,LB,C-USA
2009,4,Greg Toler,CB,0
2009,4,Seth Olsen,OT,Big Ten
2009,4,Tyronne Green,G,SEC
2009,4,Gartrell Johnson,RB,MWC
2009,4,Troy Kropog,OT,C-USA
2009,4,Terrance Taylor,DT,Big Ten
2009,5,Jason Phillips,LB,MWC
2009,5,William Middleton,CB,SoCon
2009,5,Colin Brown,T,Big 12
2009,5,Johnny Knox,WR,Lone Star
2009,5,Kenny McKinley,WR,SEC
2009,5,Kevin Huber,P,Big East
2009,5,DeAngelo Smith,CB,Big East
2009,5,Jarett Dillard,WR,C-USA
2009,5,Quinn Johnson,FB,SEC
2009,5,Scott McKillop,LB,Big East
2009,5,Nic Harris,S,Big 12
2009,5,Brandon Hughes,CB,Pac-10
2009,5,Davon Drew,TE,C-USA
2009,5,Jasper Brinkley,LB,SEC
2009,5,Rhett Bomar,QB,Southland
2009,5,James Casey,TE,C-USA
2009,5,Cornelius Ingram,TE,SEC
2009,5,Marcus Freeman,LB,Big Ten
2009,5,Xavier Fulton,OT,Big Ten
2009,5,Garrett Reynolds,OT,ACC
2009,5,Macho Harris,CB,ACC
2009,5,Cody Glenn,LB,Big 12
2009,5,Fenuki Tupou,OT,Pac-10
2009,5,Brooks Foster,WR,ACC
2009,5,John Nalbone,TE,NEC
2009,5,Jamon Meredith,OT,SEC
2009,5,Duke Robinson,G,Big 12
2009,5,Thomas Morstead,P,C-USA
2009,5,Chris Clemons,S,ACC
2009,5,Michael Hamlin,S,ACC
2009,5,Herman Johnson,G,SEC
2009,5,Joe Burnett,CB,C-USA
2009,5,Frank Summers,FB,MWC
2009,5,George Bussey,G,Big East
2009,5,Nate Davis,QB,MAC
2009,5,David Buehler,K,Pac-10
2009,5,Javon Ringer,RB,Big Ten
2009,6,Tom Brandstater,QB,WAC
2009,6,Quinten Lawrence,WR,Southland
2009,6,Spencer Adkins,LB,ACC
2009,6,Don Carey,CB,MEAC
2009,6,Mike Teel,QB,Big East
2009,6,Morgan Trent,CB,Big Ten
2009,6,Zach Miller,TE,MIAA
2009,6,Andrew Gardner,OT,ACC
2009,6,Jarius Wynn,DE,SEC
2009,6,Cary Harris,CB,Pac-10
2009,6,Bear Pascoe,TE,WAC
2009,6,Cedric Peerman,RB,ACC
2009,6,Robert Henson,LB,MWC
2009,6,Brandon Underwood,CB,Big East
2009,6,Brice McCain,CB,MWC
2009,6,Kevin Ellison,S,Pac-10
2009,6,Al Afalava,S,Pac-10
2009,6,Coye Francies,CB,WAC
2009,6,Aaron Brown,RB,MWC
2009,6,Matt Slauson,G,Big 12
2009,6,Brandon Gibson,WR,Pac-10
2009,6,James Davis,RB,ACC
2009,6,Keith Null,QB,Lone Star
2009,6,Stephen Hodge,S,MWC
2009,6,Jake Ingram,LS,WAC
2009,6,Stryker Sulak,DE,Big 12
2009,6,DeAndre Wright,CB,MWC
2009,6,Curtis Painter,QB,Big Ten
2009,6,Brandon Myers,TE,Big Ten
2009,6,Jason McCourty,CB,Big East
2009,6,Will Davis,DE,Big Ten
2009,6,Ra'Shon Harris,DT,Pac-10
2009,6,Dominique Edison,WR,Southland
2009,6,Myron Pryor,DT,SEC
2009,6,John Phillips,TE,ACC
2009,6,Bernard Scott,RB,Lone Star
2009,7,Vance Walker,DT,ACC
2009,7,Chris Ogbonnaya,RB,Big 12
2009,7,Javarris Williams,RB,OVC
2009,7,Paul Fanaika,G,Pac-10
2009,7,J. D. Folsom,LB,Big Sky
2009,7,Fui Vakapuna,RB,MWC
2009,7,Captain Munnerlyn,CB,SEC
2009,7,E. J. Biggers,CB,MAC
2009,7,Brad Jones,LB,Big 12
2009,7,Curtis Taylor,S,SEC
2009,7,Ellis Lankster,CB,Big East
2009,7,Eddie Williams,TE,WAC
2009,7,Pat McAfee,P,Big East
2009,7,Troy Nolan,S,Pac-10
2009,7,Demetrius Byrd,WR,SEC
2009,7,Blake Schlueter,C,MWC
2009,7,A. Q. Shipley,C,Big Ten
2009,7,Mike Mickens,CB,Big East
2009,7,Lydon Murtha,OT,Big 12
2009,7,Manuel Johnson,WR,Big 12
2009,7,Moise Fokou,LB,ACC
2009,7,Jamarca Sanford,S,SEC
2009,7,Julian Edelman,WR,MAC
2009,7,Sammie Stroughter,WR,Pac-10
2009,7,Darryl Richard,DT,ACC
2009,7,Zack Follett,LB,Pac-10
2009,7,Jaimie Thomas,OT,ACC
2009,7,Jake O'Connell,TE,MAC
2009,7,Stoney Woodson,CB,SEC
2009,7,Ryan Durand,G,Big East
2009,7,LaRod Stephens-Howling,RB,Big East
2009,7,David Johnson,TE,Sun Belt
2009,7,Nick Schommer,S,MVFC
2009,7,Marko Mitchell,WR,WAC
2009,7,Ricky Jean-Francois,DT,SEC
2009,7,Courtney Greene,S,Big East
2009,7,Lance Louis,G,MWC
2009,7,Nick Reed,DE,Pac-10
2009,7,Cameron Morrah,TE,Pac-10
2009,7,Clinton McDonald,DE,C-USA
2009,7,Rashad Jennings,RB,Big South
2009,7,Derek Kinder,WR,Big East
2009,7,Freddie Brown,WR,MWC
2009,7,Tiquan Underwood,WR,Big East
2009,7,Trevor Canfield,G,Big East
2009,7,Dan Gronkowski,TE,ACC
2009,7,Ryan Succop,K,SEC
2010,1,Sam Bradford ,QB,Big 12
2010,1,Ndamukong Suh ,DT,Big 12
2010,1,Gerald McCoy ,DT,Big 12
2010,1,Trent Williams ,OT,Big 12
2010,1,Eric Berry ,S,SEC
2010,1,Russell Okung ,OT,Big 12
2010,1,Joe Haden ,CB,SEC
2010,1,Rolando McClain ,LB,SEC
2010,1,C. J. Spiller ,RB,ACC
2010,1,Tyson Alualu ,DT,Pac-10
2010,1,Anthony Davis ,OT,Big East
2010,1,Ryan Mathews ,RB,WAC
2010,1,Brandon Graham ,DE,Big Ten
2010,1,Earl Thomas ,S,Big 12
2010,1,Jason Pierre-Paul ,DE,Big East
2010,1,Derrick Morgan ,DE,ACC
2010,1,Mike Iupati ,G,WAC
2010,1,Maurkice Pouncey ,C,SEC
2010,1,Sean Weatherspoon ,LB,Big 12
2010,1,Kareem Jackson ,CB,SEC
2010,1,Jermaine Gresham ,TE,Big 12
2010,1,Demaryius Thomas ,WR,ACC
2010,1,Bryan Bulaga ,OT,Big Ten
2010,1,Dez Bryant ,WR,Big 12
2010,1,Tim Tebow ,QB,SEC
2010,1,Dan Williams ,DT,SEC
2010,1,Devin McCourty ,CB,Big East
2010,1,Jared Odrick ,DT,Big Ten
2010,1,Kyle Wilson ,CB,WAC
2010,1,Jahvid Best ,RB,Pac-10
2010,1,Jerry Hughes ,DE,MWC
2010,1,Patrick Robinson ,CB,ACC
2010,2,Rodger Saffold ,OT,Big Ten
2010,2,Chris Cook ,CB,ACC
2010,2,Brian Price ,DT,Pac-10
2010,2,Dexter McCluster ,RB,SEC
2010,2,Nate Allen ,S,Big East
2010,2,T. J. Ward ,S,Pac-10
2010,2,Arrelious Benn ,WR,Big Ten
2010,2,Koa Misi ,DE,MWC
2010,2,Torell Troup ,DT,C-USA
2010,2,Rob Gronkowski ,TE,Pac-10
2010,2,Sergio Kindle ,DE,Big 12
2010,2,Lamarr Houston ,DE,Big 12
2010,2,Zane Beadles ,OT,MWC
2010,2,Linval Joseph ,DT,C-USA
2010,2,Daryl Washington ,LB,MWC
2010,2,Jimmy Clausen ,QB,Ind. (FBS)
2010,2,Taylor Mays ,S,Pac-10
2010,2,Javier Arenas ,CB,SEC
2010,2,Toby Gerhart ,RB,Pac-10
2010,2,Jason Worilds ,DE,ACC
2010,2,Jermaine Cunningham ,DE,SEC
2010,2,Carlos Dunlap ,DE,SEC
2010,2,Sean Lee ,LB,Big Ten
2010,2,Mike Neal ,DE,Big Ten
2010,2,Terrence Cody ,DT,SEC
2010,2,Ben Tate ,RB,SEC
2010,2,Montario Hardesty ,RB,SEC
2010,2,Golden Tate ,WR,Ind. (FBS)
2010,2,Vladimir Ducasse ,OT,CAA
2010,2,Brandon Spikes ,LB,SEC
2010,2,Pat Angerer ,LB,Big Ten
2010,2,Charles Brown ,OT,Pac-10
2010,3,Jerome Murphy ,CB,Big East
2010,3,Amari Spievey ,CB,Big Ten
2010,3,Myron Lewis ,CB,SEC
2010,3,Jon Asamoah ,G,Big Ten
2010,3,Jared Veldheer ,OT,GLIAC
2010,3,Ed Dickson ,TE,Pac-10
2010,3,Morgan Burnett ,S,ACC
2010,3,Alex Carrington ,DE,Sun Belt
2010,3,John Jerry ,OT,SEC
2010,3,D'Anthony Smith ,DT,WAC
2010,3,Major Wright ,S,SEC
2010,3,Chad Jones ,S,SEC
2010,3,Damian Williams ,WR,Pac-10
2010,3,Brandon LaFell ,WR,SEC
2010,3,Donald Butler ,LB,Pac-10
2010,3,J. D. Walton ,C,Big 12
2010,3,Earl Mitchell ,DT,Pac-10
2010,3,Emmanuel Sanders ,WR,C-USA
2010,3,Corey Peters ,DT,SEC
2010,3,Jordan Shipley ,WR,Big 12
2010,3,Colt McCoy ,QB,Big 12
2010,3,Daniel Te'o-Nesheim ,DE,Pac-10
2010,3,Eric Decker ,WR,Big Ten
2010,3,Andre Roberts ,WR,SoCon
2010,3,Armanti Edwards ,WR,SoCon
2010,3,Taylor Price ,WR,MAC
2010,3,NaVorro Bowman ,LB,Big Ten
2010,3,Shawn Lauvao ,OT,Pac-10
2010,3,Tony Moeaki ,TE,Big Ten
2010,3,Kevin Thomas ,CB,Pac-10
2010,3,Jimmy Graham ,TE,ACC
2010,3,Brandon Ghee ,CB,ACC
2010,3,Rennie Curran ,LB,SEC
2010,3,Mike Johnson ,G,SEC
2010,4,Mardy Gilyard ,WR,Big East
2010,4,Everson Griffen ,DE,Pac-10
2010,4,Mike Williams ,WR,Big East
2010,4,Darryl Sharpton ,LB,ACC
2010,4,Perry Riley ,LB,SEC
2010,4,Alterraun Verner ,CB,Pac-10
2010,4,Trevard Lindley ,CB,SEC
2010,4,Bruce Campbell ,OT,ACC
2010,4,Marcus Easley ,WR,Big East
2010,4,Jacoby Ford ,WR,ACC
2010,4,Corey Wootton ,DE,Big Ten
2010,4,Darrell Stuckey ,S,Big 12
2010,4,Walter Thurmond ,CB,Pac-10
2010,4,Joe McKnight ,RB,Pac-10
2010,4,Aaron Hernandez ,TE,SEC
2010,4,Dennis Pitta ,TE,MWC
2010,4,Phillip Dillard ,LB,Big 12
2010,4,Thaddeus Gibson ,DE,Big Ten
2010,4,Joe Hawley ,G,MWC
2010,4,Garrett Graham ,TE,Big Ten
2010,4,A. J. Edds ,LB,Big Ten
2010,4,Geno Atkins ,DT,SEC
2010,4,Keenan Clayton ,LB,Big 12
2010,4,Mike Kafka ,QB,Big Ten
2010,4,Al Woods ,DT,SEC
2010,4,Eric Norwood ,LB,SEC
2010,4,Clay Harbor ,TE,MVFC
2010,4,Akwasi Owusu-Ansah ,CB,PSAC
2010,4,E. J. Wilson ,DE,ACC
2010,4,Jason Fox ,OT,ACC
2010,4,Jacques McClendon ,G,SEC
2010,4,O'Brien Schofield ,DE,Big Ten
2010,4,Roddrick Muckelroy ,LB,Big 12
2010,5,Michael Hoomanawanui ,TE,Big Ten
2010,5,Kam Chancellor ,S,ACC
2010,5,Ricky Sapp ,DE,ACC
2010,5,Dominique Franks ,CB,Big 12
2010,5,Kendrick Lewis ,S,SEC
2010,5,Perrish Cox ,CB,Big 12
2010,5,Walter McFadden ,CB,SEC
2010,5,John Conner ,FB,SEC
2010,5,Ed Wang ,OT,ACC
2010,5,Joshua Moore ,CB,Big 12
2010,5,Cameron Sheffield ,DE,Sun Belt
2010,5,Larry Hart ,DE,Southland
2010,5,Sherrick McManis ,CB,Big Ten
2010,5,Nolan Carroll ,CB,ACC
2010,5,Cam Thomas ,DT,ACC
2010,5,Mitch Petrus ,G,SEC
2010,5,Robert Johnson ,S,MWC
2010,5,Hall Davis ,DE,Sun Belt
2010,5,Zoltan Mesko ,P,Big Ten
2010,5,Chris Scott ,OT,SEC
2010,5,Otis Hudson ,G,OVC
2010,5,Austen Lane ,DE,OVC
2010,5,Andrew Quarless ,TE,Big Ten
2010,5,John Skelton ,QB,Patriot
2010,5,David Reed ,WR,MWC
2010,5,Arthur Jones ,DT,Big East
2010,5,Matt Tennant ,C,ACC
2010,5,Riley Cooper ,WR,SEC
2010,5,Larry Asante ,S,Big 12
2010,5,Chris DeGeare ,OT,ACC
2010,5,Brody Eldridge ,TE,Big 12
2010,5,Reshad Jones ,S,SEC
2010,5,Crezdon Butler ,CB,ACC
2010,5,Kerry Meier ,WR,Big 12
2010,5,Stevenson Sylvester ,LB,MWC
2010,5,Nathan Triplett ,LB,Big Ten
2010,5,Jonathan Crompton ,QB,SEC
2010,5,Marshall Newhouse ,OT,MWC
2010,6,Fendi Onobun ,TE,C-USA
2010,6,Shann Schillinger ,S,Big Sky
2010,6,Brent Bowden ,P,ACC
2010,6,Anthony Dixon ,RB,SEC
2010,6,Dennis Morris ,TE,WAC
2010,6,Greg Hardy ,DE,SEC
2010,6,Rusty Smith ,QB,Sun Belt
2010,6,Carlton Mitchell ,WR,Big East
2010,6,Arthur Moats ,DE,CAA
2010,6,Sam Young ,OT,Ind. (FBS)
2010,6,Deji Karim ,RB,MVFC
2010,6,Dan LeFevour ,QB,MAC
2010,6,Nate Byham ,TE,Big East
2010,6,Eric Olsen ,C,Ind. (FBS)
2010,6,Adrian Tracy ,LB,CAA
2010,6,Anthony McCoy ,TE,Pac-10
2010,6,Clifton Geathers ,DE,SEC
2010,6,Shelley Smith ,G,MWC
2010,6,Jonathan Dwyer ,RB,ACC
2010,6,Eugene Sims ,DE,Lone Star
2010,6,Travis Goethel ,LB,Pac-10
2010,6,Dezmon Briscoe ,WR,Big 12
2010,6,Danny Batten ,LB,MVFC
2010,6,James Starks ,RB,MAC
2010,6,Ramon Harewood ,OT,SIAC
2010,6,Antonio Brown ,WR,MAC
2010,6,Jamar Wall ,CB,Big 12
2010,6,Trindon Holliday ,KR,SEC
2010,6,David Gettis ,WR,Big 12
2010,6,Joe Webb ,QB,C-USA
2010,6,Charles Scott ,RB,SEC
2010,6,Jorrick Calvin ,CB,Sun Belt
2010,6,Jordan Pugh ,CB,Big 12
2010,6,Scotty McGee ,KR,CAA
2010,6,Tony Pike ,QB,Big East
2010,6,Ted Larsen ,C,ACC
2010,6,Kyle Williams ,WR,Pac-10
2010,6,Myron Rolle ,S,ACC
2010,7,Thomas Welch ,OT,SEC
2010,7,Levi Brown ,QB,Sun Belt
2010,7,Cody Grimm ,S,ACC
2010,7,Marquis Johnson ,CB,SEC
2010,7,Chris McCoy ,LB,Sun Belt
2010,7,Willie Young ,DE,ACC
2010,7,Mickey Shuler Jr. ,TE,Big Ten
2010,7,Jeremy Ware ,CB,Big Ten
2010,7,Kyle Calloway ,OT,Big Ten
2010,7,Dekoda Watson ,LB,ACC
2010,7,J'Marcus Webb ,OT,Lone Star
2010,7,Terrence Austin ,WR,Pac-10
2010,7,Jamar Chaney ,LB,SEC
2010,7,Matt Dodge ,P,C-USA
2010,7,Marc Mariani ,WR,Big Sky
2010,7,R.J. Stanford ,CB,MWC
2010,7,Phillip Adams ,CB,MEAC
2010,7,Syd'Quan Thompson ,CB,Pac-10
2010,7,George Selvie ,DE,Big East
2010,7,Dorin Dickerson ,TE,Big East
2010,7,Reggie Stephens ,G,Big 12
2010,7,Erik Cook ,C,MWC
2010,7,C. J. Wilson ,DE,C-USA
2010,7,Selvish Capers ,OT,Big East
2010,7,Jammie Kirlew ,DE,Big Ten
2010,7,Jim Dray ,TE,Pac-10
2010,7,Sean Lissemore ,DT,CAA
2010,7,Dedrick Epps ,TE,ACC
2010,7,Dexter Davis ,LB,Pac-10
2010,7,Ryan D'Imperio ,LB,Big East
2010,7,Ricardo Mathews ,DT,Big East
2010,7,Sean Canfield ,QB,Pac-10
2010,7,Kavell Conner ,LB,ACC
2010,7,David Howard ,DT,Ivy
2010,7,Doug Worthington ,DT,Big Ten
2010,7,Jeff Owens ,DT,SEC
2010,7,Kurt Coleman ,S,Big Ten
2010,7,Jameson Konz ,FB,MAC
2010,7,Ray Fisher ,CB,Big Ten
2010,7,Brandon Deaderick ,DT,SEC
2010,7,Kade Weston ,DT,SEC
2010,7,Robert McClain ,CB,Big East
2010,7,Zac Robinson ,QB,Big 12
2010,7,Stevie Brown ,S,Big Ten
2010,7,Austin Spitler ,LB,Big Ten
2010,7,Erik Lorig ,DE,Pac-10
2010,7,Josh Hull ,LB,Big Ten
2010,7,Tim Toone ,WR,Big Sky
2011,1,Cam Newton,QB,SEC
2011,1,Von Miller,LB,Big 12
2011,1,Marcell Dareus,DT,SEC
2011,1,A. J. Green,WR,SEC
2011,1,Patrick Peterson,CB,SEC
2011,1,Julio Jones,WR,SEC
2011,1,Aldon Smith,LB,Big 12
2011,1,Jake Locker,QB,Pac-10
2011,1,Tyron Smith,OT,Pac-10
2011,1,Blaine Gabbert,QB,Big 12
2011,1,J. J. Watt,DE,Big Ten
2011,1,Christian Ponder,QB,ACC
2011,1,Nick Fairley,DT,SEC
2011,1,Robert Quinn,DE,ACC
2011,1,Mike Pouncey,C,SEC
2011,1,Ryan Kerrigan,DE,Big Ten
2011,1,Nate Solder,OT,Big 12
2011,1,Corey Liuget,DT,Big Ten
2011,1,Prince Amukamara,CB,Big 12
2011,1,Adrian Clayborn,DE,Big Ten
2011,1,Phil Taylor Sr.,DT,Big 12
2011,1,Anthony Castonzo,OT,ACC
2011,1,Danny Watkins,G,Big 12
2011,1,Cameron Jordan,DE,Pac-10
2011,1,James Carpenter,OT,SEC
2011,1,Jonathan Baldwin,WR,Big East
2011,1,Jimmy Smith,CB,Big 12
2011,1,Mark Ingram Jr.,RB,SEC
2011,1,Gabe Carimi,OT,Big Ten
2011,1,Muhammad Wilkerson,DE,MAC
2011,1,Cameron Heyward,DE,Big Ten
2011,1,Derek Sherrod,OT,SEC
2011,2,Ras-I Dowling,CB,ACC
2011,2,Aaron Williams,CB,Big 12
2011,2,Andy Dalton,QB,MWC
2011,2,Colin Kaepernick,QB,WAC
2011,2,Jabaal Sheard,DE,Big East
2011,2,Ryan Williams,RB,ACC
2011,2,Akeem Ayers,LB,Pac-10
2011,2,Bruce Carter,LB,ACC
2011,2,Jarvis Jenkins,DT,ACC
2011,2,Brooks Reed,DE,Pac-10
2011,2,Kyle Rudolph,TE,Ind. (FBS)
2011,2,Titus Young,WR,WAC
2011,2,Rahim Moore,S,Pac-10
2011,2,Orlando Franklin,OT,ACC
2011,2,Lance Kendricks,TE,Big Ten
2011,2,Stefen Wisniewski,C,Big Ten
2011,2,Ben Ijalana,OT,CAA
2011,2,Marcus Gilchrist,CB,ACC
2011,2,Da'Quan Bowers,DE,ACC
2011,2,Marvin Austin,DT,ACC
2011,2,Stephen Paea,DT,Pac-10
2011,2,Jaiquawn Jarrett,S,MAC
2011,2,Rodney Hudson,G,ACC
2011,2,Shane Vereen,RB,Pac-10
2011,2,Mikel Leshoure,RB,Big Ten
2011,2,Torrey Smith,WR,ACC
2011,2,Greg Little,WR,ACC
2011,2,Brandon Harris,CB,ACC
2011,2,Jonas Mouton,LB,Big Ten
2011,2,Daniel Thomas,RB,Big 12
2011,2,Marcus Gilbert,OT,SEC
2011,2,Randall Cobb,WR,SEC
2011,3,Terrell McClain,DT,Big East
2011,3,Dontay Moch,LB,WAC
2011,3,Nate Irving,LB,ACC
2011,3,Kelvin Sheppard,LB,SEC
2011,3,Rob Housler,TE,Sun Belt
2011,3,Justin Houston,LB,SEC
2011,3,DeMarco Murray,RB,Big 12
2011,3,Martez Wilson,LB,Big Ten
2011,3,Stevan Ridley,RB,SEC
2011,3,Ryan Mallett,QB,SEC
2011,3,John Moffitt,G,Big Ten
2011,3,Will Rackley,G,Patriot
2011,3,Jurrell Casey,DT,Pac-10
2011,3,Austin Pettis,WR,WAC
2011,3,Leonard Hankerson,WR,ACC
2011,3,Chris Culliver,CB,SEC
2011,3,DeMarcus Van Dyke,CB,ACC
2011,3,Vincent Brown,WR,MWC
2011,3,Jerrel Jernigan,WR,Sun Belt
2011,3,Mason Foster,LB,Pac-10
2011,3,Jah Reid,OT,C-USA
2011,3,Allen Bailey,DE,ACC
2011,3,Drake Nevis,DT,SEC
2011,3,Johnny Patrick,CB,Big East
2011,3,Shareece Wright,CB,Pac-10
2011,3,Curtis Marsh,CB,WAC
2011,3,Akeem Dent,LB,SEC
2011,3,Joseph Barksdale,OT,SEC
2011,3,Chris Conte,S,Pac-10
2011,3,Kenrick Ellis,DT,MEAC
2011,3,Curtis Brown,CB,Big 12
2011,3,Alex Green,RB,WAC
2011,3,Sione Fua,DT,Pac-10
2011,4,Brandon Hogan,CB,Big East
2011,4,K. J. Wright,LB,SEC
2011,4,Da'Norris Searcy,S,ACC
2011,4,Clint Boling,G,SEC
2011,4,Jordan Cameron,TE,Pac-10
2011,4,Sam Acho,DE,Big 12
2011,4,Luke Stocker,TE,SEC
2011,4,Roy Helu,RB,Big 12
2011,4,Christian Ballard,DE,Big Ten
2011,4,Kris Durham,WR,SEC
2011,4,Quinton Carter,S,Big 12
2011,4,Colin McCarthy,LB,ACC
2011,4,David Arkin,G,MVFC
2011,4,Edmond Gates,WR,Lone Star
2011,4,Greg Salas,WR,WAC
2011,4,Chimdi Chekwa,CB,Big Ten
2011,4,Cecil Shorts,WR,OAC
2011,4,Kendall Hunter,RB,Big 12
2011,4,Casey Matthews,LB,Pac-10
2011,4,James Brewer,OT,Big Ten
2011,4,Jalil Brown,CB,Big 12
2011,4,Delone Carter,RB,Big East
2011,4,Alex Henery,K,Big 12
2011,4,Chris Prosinski,S,MWC
2011,4,Chris Hairston,OT,ACC
2011,4,Tandon Doss,WR,Big Ten
2011,4,Owen Marecic,FB,Pac-10
2011,4,Taiwan Jones,RB,Big Sky
2011,4,Bilal Powell,RB,Big East
2011,4,Rashad Carmichael,CB,ACC
2011,4,Cortez Allen,CB,SoCon
2011,4,Julius Thomas,TE,Big Sky
2011,4,Jamie Harper,RB,ACC
2011,4,Davon House,CB,WAC
2011,5,Kealoha Pilares,WR,WAC
2011,5,Johnny White,RB,ACC
2011,5,Robert Sands,S,Big East
2011,5,Ricky Stanzi,QB,Big Ten
2011,5,Anthony Sherman,FB,Big East
2011,5,Buster Skrine,CB,SoCon
2011,5,Marcus Cannon,OT,MWC
2011,5,Brandon Burton,CB,MWC
2011,5,Gabe Miller,LB,Pac-10
2011,5,D. J. Williams,TE,SEC
2011,5,Karl Klug,DE,Big Ten
2011,5,Josh Thomas,CB,MAC
2011,5,Shiloh Keo,S,WAC
2011,5,Jacquizz Rodgers,RB,Pac-10
2011,5,Dejon Gomes,S,Big 12
2011,5,Rod Issac,CB,Sun Belt
2011,5,Denarius Moore,WR,SEC
2011,5,Dion Lewis,RB,Big East
2011,5,Jason Pinkston,OT,Big East
2011,5,Ahmad Black,S,SEC
2011,5,T. J. Yates,QB,ACC
2011,5,Jeremy Kerley,WR,MWC
2011,5,Richard Sherman,CB,Pac-10
2011,5,Niles Paul,WR,Big 12
2011,5,Mark LeGree,S,SoCon
2011,5,Doug Hogue,LB,Big East
2011,5,Jermale Hines,S,Big Ten
2011,5,Lee Smith,TE,C-USA
2011,5,Nathan Enderle,QB,WAC
2011,5,Julian Vandervelde,G,Big Ten
2011,5,Chris Carter,LB,WAC
2011,5,Daniel Kilgore,G,SoCon
2011,5,Chykie Brown,CB,Big 12
2011,5,Pernell McPhee,DE,SEC
2011,6,Lawrence Wilson,LB,Big East
2011,6,Ryan Whalen,WR,Pac-10
2011,6,DeMarcus Love,OT,SEC
2011,6,Chris White,LB,SEC
2011,6,Mistral Raymond,S,Big East
2011,6,Quan Sturdivant,LB,ACC
2011,6,Brandon Fusco,C,PSAC
2011,6,Byron Maxwell,CB,ACC
2011,6,Charles Clay,FB,C-USA
2011,6,Byron Stingily,OT,Big East
2011,6,Dwayne Harris,WR,C-USA
2011,6,Evan Royster,RB,Big Ten
2011,6,Aldrick Robinson,WR,C-USA
2011,6,Caleb Schlauderaff,G,MWC
2011,6,Tyrod Taylor,QB,ACC
2011,6,Richard Gordon,TE,ACC
2011,6,Ronald Johnson,WR,Pac-10
2011,6,Jordan Todman,RB,Big East
2011,6,David Carter,DT,Pac-10
2011,6,Greg Jones,LB,Big Ten
2011,6,D. J. Smith,OLB,SoCon
2011,6,Allen Bradford,RB,Pac-10
2011,6,Chris L. Rucker,CB,Big Ten
2011,6,Mike Mohamed,LB,Pac-10
2011,6,Colin Jones,S,MWC
2011,6,Jason Kelce,C,Big East
2011,6,Matt Bosher,P,ACC
2011,6,Brian Rolle,LB,Big Ten
2011,6,Markell Carter,DE,Southland
2011,6,J. T. Thomas,LB,Big East
2011,6,Keith Williams,G,Big 12
2011,6,Ricky Elmore,DE,Pac-10
2011,6,Tyler Sash,S,Big Ten
2011,6,Jerrell Powe,DT,SEC
2011,6,Ross Homan,LB,Big Ten
2011,6,Stephen Schilling,G,Big Ten
2011,6,Jacquian Williams,LB,Big East
2011,6,Zack Williams,C,Pac-10
2011,7,Virgil Green,TE,WAC
2011,7,Lazarius Levingston,DE,SEC
2011,7,Justin Rogers,CB,CAA
2011,7,Korey Lindsey,CB,MVFC
2011,7,Greg McElroy,QB,SEC
2011,7,JohnnyCulbreath,OT,MEAC
2011,7,AndrewJackson,G,WAC
2011,7,Bruce Miller,FB,C-USA
2011,7,Zach Clayton,DT,SEC
2011,7,Brandyn Thompson,CB,WAC
2011,7,Derek Newton,OT,Sun Belt
2011,7,D'Aundre Reed,DE,Pac-10
2011,7,Mikail Baker,CB,Big 12
2011,7,Maurice Hurt,OT,SEC
2011,7,Ryan Taylor,TE,ACC
2011,7,Malcolm Williams,CB,MWC
2011,7,Shaun Chapas,FB,SEC
2011,7,Da'Rel Scott,RB,ACC
2011,7,Anthony Gaitor,CB,Sun Belt
2011,7,Shane Bannon,FB,Ivy
2011,7,Markus White,DE,ACC
2011,7,Anthony Allen,RB,ACC
2011,7,Greg Romeus,DE,Big East
2011,7,Scotty McKnight,WR,Big 12
2011,7,Jabara Williams,LB,Southland
2011,7,Jonathan Nelson,CB,Big 12
2011,7,Cliff Matthews,DE,SEC
2011,7,Frank Kearse,DT,SWAC
2011,7,Baron Batch,RB,Big 12
2011,7,Lawrence Guy,DT,Pac-10
2011,7,Andrew Gachkar,LB,Big 12
2011,7,Jimmy Wilson,CB,Big Sky
2011,7,Stephen Burton,WR,Lone Star
2011,7,"Greg Lloyd, Jr.",LB,Big East
2011,7,Daniel Hardy,TE,WAC
2011,7,Mike Person,OT,Big Sky
2011,7,Stanley Havili,FB,Pac-10
2011,7,David Ausberry,WR,Pac-10
2011,7,Malcolm Smith,LB,Pac-10
2011,7,Nate Bussey,LB,Big Ten
2011,7,Lee Ziemba,OT,SEC
2011,7,Michael Jasper,G,Mid-South
2011,7,Jay Finley,RB,Big 12
2011,7,Jeremy Beal,LB,Big 12
2011,7,Eric Hagg,CB,Big 12
2011,7,DeMarco Sampson,WR,MWC
2011,7,CurtisHolcomb,CB,MEAC
2011,7,Tommie Campbell,CB,PSAC
2011,7,Bill Nagy,C,Big Ten
2011,7,Chris Neild,DT,Big East
2011,7,Cheta Ozougwu,DE,C-USA
2012,1,Andrew Luck ,QB,Pac-12
2012,1,Robert Griffin III ,QB,Big 12
2012,1,Trent Richardson ,RB,SEC
2012,1,Matt Kalil ,OT,Pac-12
2012,1,Justin Blackmon ,WR,Big 12
2012,1,Morris Claiborne ,CB,SEC
2012,1,Mark Barron ,S,SEC
2012,1,Ryan Tannehill ,QB,Big 12
2012,1,Luke Kuechly ,LB,ACC
2012,1,Stephon Gilmore ,CB,SEC
2012,1,Dontari Poe ,DT,C-USA
2012,1,Fletcher Cox ,DT,SEC
2012,1,Michael Floyd ,WR,Ind. (FBS)
2012,1,Michael Brockers ,DT,SEC
2012,1,Bruce Irvin ,DE,Big East
2012,1,Quinton Coples ,DE,ACC
2012,1,Dre Kirkpatrick ,CB,SEC
2012,1,Melvin Ingram ,LB,SEC
2012,1,Shea McClellin ,DE,MW
2012,1,Kendall Wright ,WR,Big 12
2012,1,Chandler Jones ,DE,Big East
2012,1,Brandon Weeden ,QB,Big 12
2012,1,Riley Reiff ,OT,Big Ten
2012,1,David DeCastro ,G,Pac-12
2012,1,Dont'a Hightower ,LB,SEC
2012,1,Whitney Mercilus ,DE,Big Ten
2012,1,Kevin Zeitler ,G,Big Ten
2012,1,Nick Perry ,LB,Pac-12
2012,1,Harrison Smith ,S,Ind. (FBS)
2012,1,A. J. Jenkins ,WR,Big Ten
2012,1,Doug Martin ,RB,MW
2012,1,David Wilson ,RB,ACC
2012,2,Brian Quick ,WR,SoCon
2012,2,Coby Fleener ,TE,Pac-12
2012,2,Courtney Upshaw ,LB,SEC
2012,2,Derek Wolfe ,DT,Big East
2012,2,Mitchell Schwartz ,OT,Pac-12
2012,2,Andre Branch ,DE,ACC
2012,2,Janoris Jenkins ,CB,Gulf South
2012,2,Amini Silatolu ,G,Lone Star
2012,2,Cordy Glenn ,OT,SEC
2012,2,Jonathan Martin ,OT,Pac-12
2012,2,Stephen Hill ,WR,ACC
2012,2,Jeff Allen ,G,Big Ten
2012,2,Alshon Jeffery ,WR,SEC
2012,2,Mychal Kendricks ,LB,Pac-12
2012,2,Bobby Wagner ,LB,WAC
2012,2,Tavon Wilson ,S,Big Ten
2012,2,Kendall Reyes ,DT,Big East
2012,2,Isaiah Pead ,RB,Big East
2012,2,Jerel Worthy ,DT,Big Ten
2012,2,Zach Brown ,LB,ACC
2012,2,Devon Still ,DT,Big Ten
2012,2,Ryan Broyles ,WR,Big 12
2012,2,Peter Konz ,C,Big Ten
2012,2,Mike Adams ,OT,Big Ten
2012,2,Brock Osweiler ,QB,Pac-12
2012,2,Lavonte David ,LB,Big Ten
2012,2,Vinny Curry ,DE,C-USA
2012,2,Kelechi Osemele ,G,Big 12
2012,2,LaMichael James ,RB,Pac-12
2012,2,Casey Hayward ,CB,SEC
2012,2,Rueben Randle ,WR,SEC
2012,3,Dwayne Allen ,TE,ACC
2012,3,Trumaine Johnson ,CB,Big Sky
2012,3,Josh Robinson ,CB,C-USA
2012,3,Ronnie Hillman ,RB,MW
2012,3,DeVier Posey ,WR,Big Ten
2012,3,T. J. Graham ,WR,ACC
2012,3,Bryan Anger ,P,Pac-12
2012,3,Josh LeRibeus ,G,C-USA
2012,3,Olivier Vernon ,DE,ACC
2012,3,Brandon Taylor ,S,SEC
2012,3,Donald Stephenson ,OT,Big 12
2012,3,Russell Wilson ,QB,Big Ten
2012,3,Brandon Brooks ,G,MAC
2012,3,Demario Davis ,LB,Sun Belt
2012,3,Michael Egnew ,TE,Big 12
2012,3,Brandon Hardin ,S,Pac-12
2012,3,Jamell Fleming ,CB,Big 12
2012,3,Tyrone Crawford ,DE,MW
2012,3,Mike Martin ,DT,Big Ten
2012,3,Mohamed Sanu ,WR,Big East
2012,3,Bernard Pierce ,RB,MAC
2012,3,Dwight Bentley ,CB,Sun Belt
2012,3,Sean Spence ,LB,ACC
2012,3,John Hughes ,DT,Big East
2012,3,Nick Foles ,QB,Pac-12
2012,3,Akiem Hicks ,DT,CWUAA
2012,3,Jake Bequette ,DE,SEC
2012,3,Lamar Holmes ,OT,C-USA
2012,3,T. Y. Hilton ,WR,Sun Belt
2012,3,Brandon Thompson ,DT,ACC
2012,3,Jayron Hosley ,CB,ACC
2012,3,Tony Bergstrom ,G,Pac-12
2012,4,Chris Givens ,WR,ACC
2012,4,Lamar Miller ,RB,ACC
2012,4,Gino Gradkowski ,G,CAA
2012,4,Ben Jones ,C,SEC
2012,4,Travis Benjamin ,WR,ACC
2012,4,Omar Bolden ,CB,Pac-12
2012,4,Kirk Cousins ,QB,Big Ten
2012,4,Frank Alexander ,DE,Big 12
2012,4,Joe Adams ,WR,SEC
2012,4,Nigel Bradham ,LB,ACC
2012,4,Robert Turbin ,RB,WAC
2012,4,Devon Wylie ,WR,WAC
2012,4,Philip Blake ,C,Big 12
2012,4,Alameda Ta'amu ,DT,Pac-12
2012,4,Ladarius Green ,TE,Sun Belt
2012,4,Evan Rodriguez ,TE,MAC
2012,4,Bobby Massie ,OT,SEC
2012,4,Kyle Wilber ,LB,ACC
2012,4,Jaye Howard ,DT,SEC
2012,4,Coty Sensabaugh ,CB,ACC
2012,4,Orson Charles ,TE,SEC
2012,4,Joe Looney ,G,ACC
2012,4,Jarius Wright ,WR,SEC
2012,4,Keenan Robinson ,LB,Big 12
2012,4,James-Michael Johnson ,LB,WAC
2012,4,Keshawn Martin ,WR,Big Ten
2012,4,Nick Toon ,WR,Big Ten
2012,4,Brandon Boykin ,CB,SEC
2012,4,Ron Brooks ,CB,SEC
2012,4,Ronnell Lewis ,LB,Big 12
2012,4,Jared Crick ,DE,Big Ten
2012,4,Adrien Robinson ,TE,Big East
2012,4,Rhett Ellison ,FB,Pac-12
2012,4,Miles Burris ,LB,MW
2012,4,Christian Thompson ,S,MEAC
2012,4,Brandon Mosley ,OT,SEC
2012,4,Mike Daniels ,DT,Big Ten
2012,4,Jerron McMillian ,S,CAA
2012,4,Greg Childs ,WR,SEC
2012,4,Matt Johnson ,S,Big Sky
2012,5,Josh Chapman ,DT,SEC
2012,5,Malik Jackson ,DE,SEC
2012,5,Tahir Whitehead ,LB,MAC
2012,5,Robert Blanton ,S,Ind. (FBS)
2012,5,Najee Goode ,LB,Big East
2012,5,Adam Gettis ,G,Big Ten
2012,5,Brandon Marshall ,LB,WAC
2012,5,Josh Norman ,CB,Big South
2012,5,Zebrie Sanders ,OT,ACC
2012,5,Taylor Thompson ,DE,C-USA
2012,5,DeQuan Menzie ,CB,SEC
2012,5,Tank Carder ,LB,MW
2012,5,Chris Greenwood ,CB,MIAA
2012,5,Johnnie Troutman ,G,Big Ten
2012,5,Rokevious Watkins ,G,SEC
2012,5,Senio Kelemete ,G,Pac-12
2012,5,Danny Coale ,WR,ACC
2012,5,Dennis Kelly ,OT,Big Ten
2012,5,Korey Toomer ,LB,WAC
2012,5,Josh Kaddu ,LB,Pac-12
2012,5,Shaun Prater ,CB,Big Ten
2012,5,Bradie Ewing ,FB,Big Ten
2012,5,Jack Crawford ,DE,Big Ten
2012,5,Chris Rainey ,RB,SEC
2012,5,Ryan Miller ,G,Pac-12
2012,5,Randy Bullock ,K,Big 12
2012,5,Corey White ,S,SoCon
2012,5,Terrell Manning ,LB,ACC
2012,5,Jonathan Massaquoi ,DE,Sun Belt
2012,5,Darius Fleming ,LB,Ind. (FBS)
2012,5,Marvin Jones ,WR,Pac-12
2012,5,George Iloka ,S,MW
2012,5,Juron Criner ,WR,Pac-12
2012,5,Asa Jackson ,CB,Great West
2012,5,Vick Ballard ,RB,SEC
2012,6,Greg Zuerlein ,K,MIAA
2012,6,Jeremy Lane ,CB,Southland
2012,6,Alfred Morris ,RB,Sun Belt
2012,6,Keith Tandy ,CB,Big East
2012,6,Blair Walsh ,K,SEC
2012,6,Mike Harris ,CB,ACC
2012,6,Justin Bethel ,S,Big South
2012,6,Mark Asper ,G,Pac-12
2012,6,Andrew Tiller ,G,Big East
2012,6,Trenton Robinson ,S,Big Ten
2012,6,Winston Guy ,S,SEC
2012,6,Cyrus Gray ,RB,Big 12
2012,6,B.J. Cunningham ,WR,Big Ten
2012,6,Isaiah Frey ,CB,WAC
2012,6,Ryan Lindley ,QB,MW
2012,6,James Hanna ,TE,Big 12
2012,6,Josh Bush ,S,ACC
2012,6,Danny Trevathan ,LB,SEC
2012,6,Christo Bilukidi ,DT,Ind. (FCS)
2012,6,Markelle Martin ,S,Big 12
2012,6,Dan Herron ,RB,Big Ten
2012,6,Charles Mitchell ,S,SEC
2012,6,Tom Compton ,OT,Great West
2012,6,Marvin McNutt ,WR,Big Ten
2012,6,Nick Mondek ,OT,Big Ten
2012,6,Jonte Green ,CB,WAC
2012,6,Nate Ebner ,DB,Big Ten
2012,6,Tommy Streeter ,WR,ACC
2012,6,Jason Slowey ,OT,GNAC
2012,6,Brandon Washington ,G,ACC
2012,6,Matt McCants ,OT,C-USA
2012,6,Terrance Ganaway ,RB,Big 12
2012,6,Robert Griffin ,G,Big 12
2012,6,Emmanuel Acho ,LB,Big 12
2012,6,Billy Winn ,DT,MW
2012,6,LaVon Brazill ,WR,MAC
2012,6,Brad Nortman ,P,Big Ten
2012,7,Justin Anderson ,G,SEC
2012,7,Aaron Brown ,LB,WAC
2012,7,Audie Cole ,LB,ACC
2012,7,Scott Solomon ,DE,C-USA
2012,7,Michael Smith ,RB,WAC
2012,7,Richard Crawford ,CB,C-USA
2012,7,Tim Fugger ,LB,SEC
2012,7,Kheeston Randall ,DT,Big 12
2012,7,D. J. Campbell ,S,Pac-12
2012,7,Jordan Bernstine ,CB,Big Ten
2012,7,Jerome Long ,DT,MW
2012,7,Trevor Guyton ,DE,Pac-12
2012,7,Greg McCoy ,CB,MW
2012,7,Nate Potter ,OT,MW
2012,7,Caleb McSurdy ,ILB,Big Sky
2012,7,Travis Lewis ,OLB,Big 12
2012,7,Alfonzo Dennard ,CB,Big Ten
2012,7,J. R. Sweezy ,G,ACC
2012,7,David Molk ,C,Big Ten
2012,7,Rishard Matthews ,WR,WAC
2012,7,Jeris Pendleton ,DT,GLIAC
2012,7,Bryce Brown ,RB,Big 12
2012,7,Nathan Stupar ,OLB,Big Ten
2012,7,Toney Clemons ,WR,Pac-12
2012,7,Greg Scruggs ,DE,Big East
2012,7,Drake Dunsmore ,TE,Big Ten
2012,7,Marcel Jones ,OT,Big Ten
2012,7,Jeremy Ebert ,WR,Big Ten
2012,7,DeAngelo Tyson ,DT,SEC
2012,7,Cam Johnson ,DE,ACC
2012,7,Junior Hemingway ,WR,Big Ten
2012,7,Markus Kuhn ,DT,ACC
2012,7,David Paulson ,TE,Pac-12
2012,7,Andrew Datko ,OT,ACC
2012,7,Antonio Allen ,S,SEC
2012,7,B. J. Coleman ,QB,SoCon
2012,7,Jordan White ,WR,MAC
2012,7,Trevin Wade ,CB,Pac-12
2012,7,Terrence Frederick ,CB,Big 12
2012,7,Brad Smelley ,TE,SEC
2012,7,Kelvin Beachum ,G,C-USA
2012,7,Travian Robertson ,DT,SEC
2012,7,Edwin Baker ,RB,Big Ten
2012,7,John Potter ,K,MAC
2012,7,Daryl Richardson ,RB,Lone Star
2012,7,Chandler Harnish ,QB,MAC
2013,1,Eric Fisher,OT,MAC
2013,1,Luke Joeckel,OT,SEC
2013,1,Dion Jordan,DE,Pac-12
2013,1,Lane Johnson,OT,Big 12
2013,1,Ezekiel Ansah,DE,Ind. (FBS)
2013,1,Barkevious Mingo,DE,SEC
2013,1,Jonathan Cooper,G,ACC
2013,1,Tavon Austin,WR,Big 12
2013,1,Dee Milliner,CB,SEC
2013,1,Chance Warmack,G,SEC
2013,1,D. J. Fluker,OT,SEC
2013,1,D. J. Hayden,CB,C-USA
2013,1,Sheldon Richardson,DT,SEC
2013,1,Star Lotulelei,DT,Pac-12
2013,1,Kenny Vaccaro,S,Big 12
2013,1,EJ Manuel,QB,ACC
2013,1,Jarvis Jones,LB,SEC
2013,1,Eric Reid,S,SEC
2013,1,Justin Pugh,OT,Big East
2013,1,Kyle Long,G,Pac-12
2013,1,Tyler Eifert,TE,Ind. (FBS)
2013,1,Desmond Trufant,CB,Pac-12
2013,1,Sharrif Floyd,DT,SEC
2013,1,BjÃ¶rn Werner,DE,ACC
2013,1,Xavier Rhodes,CB,ACC
2013,1,Datone Jones,DE,Pac-12
2013,1,DeAndre Hopkins,WR,ACC
2013,1,Sylvester Williams,DT,ACC
2013,1,Cordarrelle Patterson,WR,SEC
2013,1,Alec Ogletree,LB,SEC
2013,1,Travis Frederick,C,Big Ten
2013,1,Matt Elam,S,SEC
2013,2,Johnathan Cyprien,S,Sun Belt
2013,2,Justin Hunter,WR,SEC
2013,2,Zach Ertz,TE,Pac-12
2013,2,Darius Slay,CB,SEC
2013,2,Giovani Bernard,RB,ACC
2013,2,Manti Te'o,LB,Ind. (FBS)
2013,2,Geno Smith,QB,Big 12
2013,2,Tank Carradine,DE,ACC
2013,2,Robert Woods,WR,Pac-12
2013,2,Menelik Watson,OT,ACC
2013,2,Johnthan Banks,CB,SEC
2013,2,Kawann Short,DT,Big Ten
2013,2,Kevin Minter,LB,SEC
2013,2,Kiko Alonso,LB,Pac-12
2013,2,Gavin Escobar,TE,MW
2013,2,Le'Veon Bell,RB,Big Ten
2013,2,Johnathan Hankins,DT,Big Ten
2013,2,Jonathan Bostic,LB,SEC
2013,2,David Amerson,CB,ACC
2013,2,Jamie Collins,LB,C-USA
2013,2,Margus Hunt,DE,C-USA
2013,2,Jamar Taylor,CB,MW
2013,2,Vance McDonald,TE,C-USA
2013,2,Arthur Brown,LB,Big 12
2013,2,D.J. Swearinger,S,SEC
2013,2,Montee Ball,RB,Big Ten
2013,2,Aaron Dobson,WR,C-USA
2013,2,Robert Alford,CB,Southland
2013,2,Eddie Lacy,RB,SEC
2013,2,Christine Michael,RB,SEC
2013,3,Travis Kelce,TE,Big East
2013,3,Dwayne Gratz,CB,Big East
2013,3,Larry Warford,G,SEC
2013,3,Sio Moore,LB,Big East
2013,3,Bennie Logan,DT,SEC
2013,3,Leon McFadden,CB,MW
2013,3,Tyrann Mathieu,CB,SEC
2013,3,Blidi Wreh-Wilson,CB,Big East
2013,3,T. J. McDonald,S,Pac-12
2013,3,Brian Winters,G,MAC
2013,3,Mike Glennon,QB,ACC
2013,3,Terrance Williams,WR,Big 12
2013,3,Terron Armstead,OT,SWAC
2013,3,Keenan Allen,WR,Pac-12
2013,3,Dallas Thomas,G,SEC
2013,3,Marquise Goodwin,WR,Big 12
2013,3,Markus Wheaton,WR,Pac-12
2013,3,J. J. Wilcox,S,SoCon
2013,3,Damontre Moore,DE,SEC
2013,3,John Jenkins,DT,SEC
2013,3,Logan Ryan,CB,Big East
2013,3,Shawn Williams,S,SEC
2013,3,Jordan Reed,TE,SEC
2013,3,Hugh Thornton,G,Big Ten
2013,3,Jordan Hill,DT,Big Ten
2013,3,Corey Lemonier,DE,SEC
2013,3,Brennan Williams,OT,ACC
2013,3,Kayvon Webster,CB,Big East
2013,3,Duron Harmon,S,Big East
2013,3,Stedman Bailey,WR,Big 12
2013,3,Will Davis,CB,WAC
2013,3,Brandon Williams,DT,MIAA
2013,3,Sam Montgomery,DE,SEC
2013,3,Knile Davis,RB,SEC
2013,3,Zaviar Gooden,LB,SEC
2013,4,Matt Barkley,QB,Pac-12
2013,4,Nico Johnson,LB,SEC
2013,4,Akeem Spence,DT,Big Ten
2013,4,Ace Sanders,WR,SEC
2013,4,Josh Boyce,WR,Big 12
2013,4,Alex Okafor,DE,Big 12
2013,4,Jelani Jenkins,LB,SEC
2013,4,Duke Williams,S,MW
2013,4,Dion Sims,TE,Big Ten
2013,4,Brian Schwenke,C,Pac-12
2013,4,Edmund Kugbila,G,Gulf South
2013,4,David Bakhtiari,OT,Pac-12
2013,4,Ryan Nassib,QB,Big East
2013,4,Shamarko Thomas,S,Big East
2013,4,Tyler Wilson,QB,SEC
2013,4,Barrett Jones,G,SEC
2013,4,B. W. Webb,CB,CAA
2013,4,Landry Jones,QB,Big 12
2013,4,Earl Watford,G,CAA
2013,4,Khaseem Greene,LB,Big East
2013,4,Sean Porter,LB,SEC
2013,4,Phillip Thomas,S,MW
2013,4,Gerald Hodges,LB,Big Ten
2013,4,Khaled Holmes,C,Pac-12
2013,4,JC Tretter,OT,Ivy
2013,4,Chris Harper,WR,Big 12
2013,4,Trevardo Williams,DE,Big East
2013,4,Johnathan Franklin,RB,Pac-12
2013,4,William Gholston,DE,Big Ten
2013,4,Malliciah Goodman,DE,ACC
2013,4,Quinton Patton,WR,WAC
2013,4,John Simon,DE,Big Ten
2013,4,Kyle Juszczyk,FB,Ivy
2013,4,Marcus Lattimore,RB,SEC
2013,4,Devin Taylor,DE,SEC
2013,4,Levine Toilolo,TE,Pac-12
2013,5,Sanders Commings,CB,SEC
2013,5,Denard Robinson,RB,Big Ten
2013,5,Earl Wolff,S,ACC
2013,5,Jesse Williams,DT,SEC
2013,5,Tharold Simon,CB,SEC
2013,5,Montori Hughes,DT,OVC
2013,5,Stepfan Taylor,RB,Pac-12
2013,5,Oday Aboushi,G,ACC
2013,5,Lavar Edwards,DE,SEC
2013,5,Jonathan Meeks,S,ACC
2013,5,Kenny Stills,WR,Big 12
2013,5,Steve Williams,CB,Pac-12
2013,5,Quanterus Smith,DE,Sun Belt
2013,5,Steven Means,LB,MAC
2013,5,A. J. Klein,LB,Big 12
2013,5,Brandon McGee,CB,ACC
2013,5,Terry Hawthorne,CB,Big Ten
2013,5,Joseph Randle,RB,Big 12
2013,5,Cooper Taylor,S,CAA
2013,5,Stansly Maponga,DE,Big 12
2013,5,Chris Thompson,RB,ACC
2013,5,Jeff Locke,P,Pac-12
2013,5,Tanner Hawkinson,OT,Big 12
2013,5,Quinton Dial,DE,SEC
2013,5,Luke Willson,TE,C-USA
2013,5,Micah Hyde,CB,Big Ten
2013,5,Zac Stacy,RB,SEC
2013,5,Tavarres King,WR,SEC
2013,5,Brandon Jenkins,LB,ACC
2013,5,Jordan Mills,OT,WAC
2013,5,Mike Gillislee,RB,SEC
2013,5,Sam Martin,P,SoCon
2013,5,Caleb Sturgis,K,SEC
2013,5,Josh Boyd,DT,SEC
2013,5,Ricky Wagner,OT,Big Ten
2013,6,Josh Evans,S,SEC
2013,6,Eric Kush,C,PSAC
2013,6,Corey Fuller,WR,ACC
2013,6,Nick Kasa,TE,Pac-12
2013,6,Vinston Painter,OT,ACC
2013,6,Ryan Swope,WR,SEC
2013,6,Jamoris Slaughter,S,Ind. (FBS)
2013,6,David Quessenberry,OT,WAC
2013,6,Dustin Hopkins,K,ACC
2013,6,William Campbell,G,Big Ten
2013,6,Tourek Williams,DE,Sun Belt
2013,6,Nick Moody,LB,ACC
2013,6,Latavius Murray,RB,C-USA
2013,6,Kenjon Barner,RB,Pac-12
2013,6,Rufus Johnson,DE,Lone Star
2013,6,Mychal Rivera,TE,SEC
2013,6,DeVonte Holloman,LB,SEC
2013,6,Justin Brown,WR,Big 12
2013,6,Andre Ellington,RB,ACC
2013,6,Cornelius Washington,DE,SEC
2013,6,Mike James,RB,ACC
2013,6,Rex Burkhead,RB,Big Ten
2013,6,Bacarri Rambo,S,SEC
2013,6,John Boyett,S,Pac-12
2013,6,Nate Palmer,OLB,MVFC
2013,6,Spencer Ware,RB,SEC
2013,6,Alan Bonner,WR,OVC
2013,6,Jeff Baca,G,Pac-12
2013,6,Cobi Hamilton,WR,SEC
2013,6,Chris Jones,DT,MAC
2013,6,Theo Riddick,RB,Ind. (FBS)
2013,6,Kapron Lewis-Moore,DE,Ind. (FBS)
2013,6,Ryan Griffin,TE,Big East
2013,6,Khalid Wooten,CB,MW
2013,6,Ryan Jensen,OT,RMAC
2013,6,Braden Wilson,FB,Big 12
2013,6,Stacy McGee,DT,Big 12
2013,6,Vince Williams,LB,ACC
2013,7,Mike Catapano,DE,Ivy
2013,7,Jeremy Harris,CB,WAC
2013,7,Brice Butler,WR,MW
2013,7,Demetrius McCray,CB,SoCon
2013,7,Michael Williams,TE,SEC
2013,7,Joe Kruger,DE,Pac-12
2013,7,Michael Mauti,LB,Big Ten
2013,7,Travis Bond,G,ACC
2013,7,Tommy Bohanon,FB,ACC
2013,7,Charles Johnson,WR,GLIAC
2013,7,Armonty Bryant,DE,GAC
2013,7,Jordan Poyer,CB,Pac-12
2013,7,D. C. Jefferson,TE,Big East
2013,7,Ryan Seymour,G,SEC
2013,7,Brad Sorensen,QB,Big Sky
2013,7,Chris Gragg,TE,SEC
2013,7,Nicholas Williams,DT,SoCon
2013,7,Kevin Dorsey,WR,ACC
2013,7,Eric Herman,G,MAC
2013,7,Michael Buchanan,DE,Big Ten
2013,7,Garrett Gilkey,G,RMAC
2013,7,Jawan Jamison,RB,Big East
2013,7,Everett Dawkins,DT,ACC
2013,7,Kerwynn Williams,RB,WAC
2013,7,Ty Powell,LB,GAC
2013,7,Sam Barrington,LB,Big East
2013,7,David Bass,DE,MIAA
2013,7,Zac Dysert,QB,MAC
2013,7,Steve Beauharnais,LB,Big East
2013,7,Marquess Wilson,WR,Pac-12
2013,7,B. J. Daniels,QB,Big East
2013,7,Aaron Mellette,WR,SoCon
2013,7,David King,DE,Big 12
2013,7,Reid Fragel,OT,Big Ten
2013,7,Jared Smith,DT,CAA
2013,7,Michael Bowie,OT,MIAA
2013,7,Kemal Ishmael,S,C-USA
2013,7,Zeke Motta,S,Ind. (FBS)
2013,7,Brandon Hepburn,LB,MEAC
2013,7,Carter Bykowski,OT,Big 12
2013,7,MarcAnthony,CB,Pac-12
2013,7,Daimion Stafford,S,Big Ten
2013,7,Sean Renfree,QB,ACC
2013,7,Don Jones,S,Sun Belt
2013,7,T. J. Johnson,C,SEC
2013,7,Marcus Cooper,CB,Big East
2013,7,Michael Cox,RB,MAC
2013,7,Justice Cunningham,TE,SEC
2014,1,Jadeveon Clowney ,DE,SEC
2014,1,Greg Robinson ,OT,SEC
2014,1,Blake Bortles ,QB,The American
2014,1,Sammy Watkins ,WR,ACC
2014,1,Khalil Mack ,LB,MAC
2014,1,Jake Matthews ,OT,SEC
2014,1,Mike Evans ,WR,SEC
2014,1,Justin Gilbert ,CB,Big 12
2014,1,Anthony Barr ,LB,Pac-12
2014,1,Eric Ebron ,TE,ACC
2014,1,Taylor Lewan ,OT,Big Ten
2014,1,Odell Beckham ,WR,SEC
2014,1,Aaron Donald ,DT,ACC
2014,1,Kyle Fuller ,CB,ACC
2014,1,Ryan Shazier ,LB,Big Ten
2014,1,Zack Martin ,G,Ind. (FBS)
2014,1,C. J. Mosley ,LB,SEC
2014,1,Calvin Pryor ,S,The American
2014,1,Ja'Wuan James ,OT,SEC
2014,1,Brandin Cooks ,WR,Pac-12
2014,1,Ha Ha Clinton-Dix ,S,SEC
2014,1,Johnny Manziel ,QB,SEC
2014,1,Dee Ford ,DE,SEC
2014,1,Darqueze Dennard ,CB,Big Ten
2014,1,Jason Verrett ,CB,Big 12
2014,1,Marcus Smith ,LB,The American
2014,1,Deone Bucannon ,S,Pac-12
2014,1,Kelvin Benjamin ,WR,ACC
2014,1,Dominique Easley ,DT,SEC
2014,1,Jimmie Ward ,S,MAC
2014,1,Bradley Roby ,CB,Big Ten
2014,1,Teddy Bridgewater ,QB,The American
2014,2,Xavier Su'a-Filo ,G,Pac-12
2014,2,DeMarcus Lawrence ,DE,MW
2014,2,Joel Bitonio ,OT,MW
2014,2,Derek Carr ,QB,MW
2014,2,Ra'Shede Hageman ,DT,Big Ten
2014,2,Austin Seferian-Jenkins ,TE,Pac-12
2014,2,Marqise Lee ,WR,Pac-12
2014,2,Kyle Van Noy ,LB,Ind. (FBS)
2014,2,Lamarcus Joyner ,S,ACC
2014,2,Jordan Matthews ,WR,SEC
2014,2,Weston Richburg ,C,MW
2014,2,Cyrus Kouandjio ,OT,SEC
2014,2,Paul Richardson ,WR,Pac-12
2014,2,Stephon Tuitt ,DE,Ind. (FBS)
2014,2,Trent Murphy ,LB,Pac-12
2014,2,Timmy Jernigan ,DT,ACC
2014,2,Jace Amaro ,TE,Big 12
2014,2,Jeremiah Attaochu ,LB,ACC
2014,2,Ego Ferguson ,DT,SEC
2014,2,Troy Niklas ,TE,Ind. (FBS)
2014,2,Davante Adams ,WR,MW
2014,2,Bishop Sankey ,RB,Pac-12
2014,2,Jeremy Hill ,RB,SEC
2014,2,Cody Latimer ,WR,Big Ten
2014,2,Carlos Hyde ,RB,Big Ten
2014,2,Stanley Jean-Baptiste ,CB,Big Ten
2014,2,Jack Mewhort ,OT,Big Ten
2014,2,Kony Ealy ,DE,SEC
2014,2,Allen Robinson ,WR,Big Ten
2014,2,Jimmy Garoppolo ,QB,OVC
2014,2,Jarvis Landry ,WR,SEC
2014,2,Justin Britt ,OT,SEC
2014,3,C. J. Fiedorowicz ,TE,Big Ten
2014,3,Morgan Moses ,OT,ACC
2014,3,Billy Turner ,OT,MVFC
2014,3,Dezmen Southward ,S,Big Ten
2014,3,Charles Sims ,RB,Big 12
2014,3,Marcus Martin ,C,Pac-12
2014,3,Christian Kirksey ,LB,Big Ten
2014,3,Scott Crichton ,DE,Pac-12
2014,3,Preston Brown ,LB,The American
2014,3,Jay Bromley ,DT,ACC
2014,3,Tre Mason ,RB,SEC
2014,3,Travis Swanson ,C,SEC
2014,3,Chris Borland ,LB,Big Ten
2014,3,Spencer Long ,G,Big Ten
2014,3,Terrence Brooks ,S,ACC
2014,3,Dexter McDougle ,CB,ACC
2014,3,Gabe Jackson ,G,SEC
2014,3,Will Sutton ,DT,Pac-12
2014,3,Louis Nix ,DT,Ind. (FBS)
2014,3,Kareem Martin ,DE,ACC
2014,3,Khyri Thornton ,DT,C-USA
2014,3,Josh Huff ,WR,Pac-12
2014,3,Phillip Gaines ,CB,C-USA
2014,3,Will Clarke ,DE,Big 12
2014,3,Chris Watt ,G,Ind. (FBS)
2014,3,Donte Moncrief ,WR,SEC
2014,3,John Brown ,WR,MIAA
2014,3,Trai Turner ,G,SEC
2014,3,Brandon Linder ,G,ACC
2014,3,Terrance West ,RB,CAA
2014,3,Michael Schofield ,OT,Big Ten
2014,3,Jerick McKinnon ,RB,SoCon
2014,3,Dri Archer ,RB,MAC
2014,3,Richard Rodgers ,TE,Pac-12
2014,3,Crockett Gillmore ,TE,MW
2014,3,Brandon Thomas ,G,ACC
2014,4,Jaylen Watkins ,CB,SEC
2014,4,Bashaud Breeland ,CB,ACC
2014,4,Devonta Freeman ,RB,ACC
2014,4,Jalen Saunders ,WR,Big 12
2014,4,Bryan Stork ,C,ACC
2014,4,Bruce Ellington ,WR,SEC
2014,4,Justin Ellis ,DT,C-USA
2014,4,Cassius Marsh ,DE,Pac-12
2014,4,Ross Cockrell ,CB,ACC
2014,4,Maurice Alexander ,S,MW
2014,4,Russell Bodine ,C,ACC
2014,4,DaQuan Jones ,DT,Big Ten
2014,4,Andre Williams ,RB,ACC
2014,4,Aaron Colvin ,CB,Big 12
2014,4,Shaq Evans ,WR,Pac-12
2014,4,Keith McGill ,CB,Pac-12
2014,4,Ka'Deem Carey ,RB,Pac-12
2014,4,Martavis Bryant ,WR,ACC
2014,4,Anthony Hitchens ,LB,Big Ten
2014,4,Logan Thomas ,QB,ACC
2014,4,Carl Bradford ,LB,Pac-12
2014,4,Marqueston Huff ,S,MW
2014,4,Kevin Norwood ,WR,SEC
2014,4,De'Anthony Thomas ,RB,Pac-12
2014,4,Walt Aikens ,CB,Big South
2014,4,Khairi Fortt ,LB,Pac-12
2014,4,Pierre Desir ,CB,MIAA
2014,4,Tre Boston ,S,ACC
2014,4,Dontae Johnson ,CB,ACC
2014,4,James White ,RB,Big Ten
2014,4,Brock Vereen ,S,Big Ten
2014,4,Kevin Pierre-Louis ,LB,ACC
2014,4,Nevin Lawson ,CB,MW
2014,4,Brent Urban ,DT,ACC
2014,4,Tom Savage ,QB,ACC
2014,4,Larry Webster III ,DE,PSAC
2014,4,Dakota Dozier ,G,SoCon
2014,4,Lorenzo Taliaferro ,RB,Big South
2014,4,Prince Shembo ,LB,Ind. (FBS)
2014,4,Cameron Fleming ,OT,Pac-12
2014,5,Taylor Hart ,DE,Pac-12
2014,5,Ryan Grant ,WR,C-USA
2014,5,Kadeem Edwards ,G,OVC
2014,5,Telvin Smith ,LB,ACC
2014,5,David Yankey ,G,Pac-12
2014,5,Devin Street ,WR,ACC
2014,5,Ricardo Allen ,CB,Big Ten
2014,5,Bené Benwikere ,CB,MW
2014,5,Kevin Pamphile ,OT,Big Ten
2014,5,Aaron Lynch ,DE,The American
2014,5,Avery Williamson ,LB,SEC
2014,5,Nat Berhe ,S,MW
2014,5,Cyril Richardson ,G,Big 12
2014,5,Jeremiah George ,LB,Big 12
2014,5,Arthur Lynch ,TE,SEC
2014,5,Lamin Barrow ,LB,SEC
2014,5,Shaquille Richardson ,CB,Pac-12
2014,5,Caraun Reid ,DT,Ivy
2014,5,Chris Smith ,DE,SEC
2014,5,Ed Stinson ,DE,SEC
2014,5,Corey Linsley ,C,Big Ten
2014,5,Ed Reynolds ,S,Pac-12
2014,5,Aaron Murray ,QB,SEC
2014,5,AJ McCarron ,QB,SEC
2014,5,Ryan Carrethers ,DT,Sun Belt
2014,5,Jonathan Newsome ,DE,MAC
2014,5,Vinnie Sunseri ,S,SEC
2014,5,Marquis Spruill ,LB,ACC
2014,5,Ronald Powell ,OLB,SEC
2014,5,Keith Reaser ,CB,C-USA
2014,5,Jordan Tripp ,LB,Big Sky
2014,5,Jimmy Staten ,DT,C-USA
2014,5,Wesley Johnson ,C,SEC
2014,5,Devon Kennard ,OLB,Pac-12
2014,5,John Urschel ,G,Big Ten
2014,5,Jared Abbrederis ,WR,Big Ten
2014,6,Jeoffrey Pagan ,DE,SEC
2014,6,Zach Mettenberger ,QB,SEC
2014,6,Jon Halapio ,G,SEC
2014,6,Kenneth Acker ,CB,The American
2014,6,Alfred Blue ,RB,SEC
2014,6,Antone Exum ,CB,ACC
2014,6,David Fales ,QB,MW
2014,6,Kendall James ,CB,CAA
2014,6,Robert Herron ,WR,MW
2014,6,Lache Seastrunk ,RB,Big 12
2014,6,Bennett Jackson ,CB,Ind. (FBS)
2014,6,E. J. Gaines ,CB,SEC
2014,6,T. J. Jones ,WR,Ind. (FBS)
2014,6,Matt Hazel ,WR,Big South
2014,6,Pat O'Donnell ,P,ACC
2014,6,Jordan Zumwalt ,OLB,Pac-12
2014,6,Zach Fulton ,G,SEC
2014,6,Keith Wenning ,QB,MAC
2014,6,Brandon Dixon ,CB,MIAA
2014,6,Walt Powell ,WR,OVC
2014,6,Demetri Goodson ,CB,Big 12
2014,6,Zach Moore ,DE,NSIC
2014,6,Garrett Scott ,OT,C-USA
2014,6,Laurent Duvernay-Tardif ,OT,RSEQ
2014,6,Marion Grice ,RB,Pac-12
2014,6,Tavon Rooks ,OT,Big 12
2014,6,Andrew Jackson ,LB,Sun Belt
2014,6,Tyler Gaffney ,RB,Pac-12
2014,6,Luke Bowanko ,C,ACC
2014,6,Jemea Thomas ,S,ACC
2014,6,Matt Paradis ,C,MW
2014,6,Eric Pinkins ,SS,MW
2014,6,Quincy Enunwa ,WR,Big Ten
2014,6,IK Enemkpali ,DE,C-USA
2014,6,Jay Prosch ,FB,SEC
2014,6,Marquis Flowers ,LB,Pac-12
2014,6,Tajh Boyd ,QB,ACC
2014,6,Garrett Gilbert ,QB,The American
2014,6,Daniel McCullers ,DT,SEC
2014,7,Andre Hal ,CB,SEC
2014,7,Ted Bolser ,TE,Big Ten
2014,7,Michael Campanaro ,WR,ACC
2014,7,Travis Carrie ,CB,MAC
2014,7,Shamar Stephen ,DT,The American
2014,7,Randell Johnson ,LB,C-USA
2014,7,Storm Johnson ,RB,The American
2014,7,Brandon Watts ,LB,ACC
2014,7,Beau Allen ,DT,Big Ten
2014,7,Jabari Price ,CB,ACC
2014,7,Mitchell Van Dyk ,OT,Big Sky
2014,7,Kiero Small ,RB,SEC
2014,7,Zach Hocker ,K,SEC
2014,7,Nate Freese ,K,ACC
2014,7,Rob Blanchflower ,TE,MAC
2014,7,Ben Gardner ,DE,Pac-12
2014,7,Ulrick John ,OT,Sun Belt
2014,7,Trevor Reilly ,LB,Pac-12
2014,7,Terrence Fede ,DE,Pioneer
2014,7,Shelby Harris ,DE,MVFC
2014,7,Jeff Janis ,WR,GLIAC
2014,7,Seantrel Henderson ,OT,ACC
2014,7,Will Smith ,LB,Big 12
2014,7,James Wright ,WR,SEC
2014,7,Tevin Reese ,WR,Big 12
2014,7,Christian Bryant ,FS,Big Ten
2014,7,Corey Nelson ,LB,Big 12
2014,7,Kaleb Ramsey ,DT,ACC
2014,7,Jeremy Gallon ,WR,Big Ten
2014,7,Trey Millard ,FB,Big 12
2014,7,Charles Leno ,OT,MW
2014,7,Jonathan Dowling ,SS,Sun Belt
2014,7,Ahmad Dixon ,SS,Big 12
2014,7,Michael Sam ,DE,SEC
2014,7,Demetrius Rhaney ,C,OVC
2014,7,Ken Bishop ,DT,MAC
2014,7,Lavelle Westbrooks ,CB,SoCon
2014,7,Yawin Smallwood ,LB,The American
2014,7,Terrance Mitchell ,CB,Pac-12
2014,7,Tyler Starr ,LB,MVFC
2014,7,Lonnie Ballentine ,FS,The American
2015,1,Jameis Winston ,QB,ACC
2015,1,Marcus Mariota ,QB,Pac-12
2015,1,Dante Fowler ,DE,SEC
2015,1,Amari Cooper ,WR,SEC
2015,1,Brandon Scherff ,OT,Big Ten
2015,1,Leonard Williams ,DE,Pac-12
2015,1,Kevin White ,WR,Big 12
2015,1,Vic Beasley ,DE,ACC
2015,1,Ereck Flowers ,OT,ACC
2015,1,Todd Gurley ,RB,SEC
2015,1,Trae Waynes ,CB,Big Ten
2015,1,Danny Shelton ,DT,Pac-12
2015,1,Andrus Peat ,OT,Pac-12
2015,1,DeVante Parker ,WR,ACC
2015,1,Melvin Gordon ,RB,Big Ten
2015,1,Kevin Johnson ,CB,ACC
2015,1,Arik Armstead ,DE,Pac-12
2015,1,Marcus Peters ,CB,Pac-12
2015,1,Cameron Erving ,C,ACC
2015,1,Nelson Agholor ,WR,Pac-12
2015,1,Cedric Ogbuehi ,OT,SEC
2015,1,Bud Dupree ,LB,SEC
2015,1,Shane Ray ,DE,SEC
2015,1,D. J. Humphries ,OT,SEC
2015,1,Shaq Thompson ,LB,Pac-12
2015,1,Breshad Perriman ,WR,The American
2015,1,Byron Jones ,CB,The American
2015,1,Laken Tomlinson ,G,ACC
2015,1,Phillip Dorsett ,WR,ACC
2015,1,Damarious Randall ,S,Pac-12
2015,1,Stephone Anthony ,LB,ACC
2015,1,Malcom Brown ,DT,Big 12
2015,2,Landon Collins ,S,SEC
2015,2,Donovan Smith ,OT,Big Ten
2015,2,Mario Edwards Jr. ,DE,ACC
2015,2,T. J. Yeldon ,RB,SEC
2015,2,Devin Smith ,WR,Big Ten
2015,2,Preston Smith ,DE,SEC
2015,2,Eddie Goldman ,DT,ACC
2015,2,Dorial Green-Beckham ,WR,SEC
2015,2,Devin Funchess ,WR,Big Ten
2015,2,Jalen Collins ,CB,SEC
2015,2,Benardrick McKinney ,LB,SEC
2015,2,Hau'oli Kikaha ,LB,Pac-12
2015,2,Eric Kendricks ,LB,Pac-12
2015,2,Jaquiski Tartt ,S,SoCon
2015,2,Eric Rowe ,CB,Pac-12
2015,2,Denzel Perryman ,LB,ACC
2015,2,Mitch Morse ,G,SEC
2015,2,Ronald Darby ,CB,ACC
2015,2,Nate Orchard ,DE,Pac-12
2015,2,Jordan Phillips ,DT,Big 12
2015,2,Jake Fisher ,OT,Pac-12
2015,2,Ameer Abdullah ,RB,Big Ten
2015,2,Maxx Williams ,TE,Big Ten
2015,2,Senquez Golson ,CB,SEC
2015,2,Rob Havenstein ,OT,Big Ten
2015,2,Markus Golden ,DE,SEC
2015,2,Ty Sambrailo ,OT,MW
2015,2,Randy Gregory ,LB,Big Ten
2015,2,Ali Marpet ,G,Liberty
2015,2,Quinten Rollins ,CB,MAC
2015,2,Frank Clark ,DE,Big Ten
2015,2,Jordan Richards ,S,Pac-12
2015,3,D'Joun Smith ,CB,C-USA
2015,3,Jeremiah Poutasi ,G,Pac-12
2015,3,A. J. Cann ,G,SEC
2015,3,Clive Walford ,TE,ACC
2015,3,Tyler Lockett ,WR,Big 12
2015,3,Jaelen Strong ,WR,Pac-12
2015,3,Hroniss Grasu ,C,Pac-12
2015,3,Jamon Brown ,OT,ACC
2015,3,Tevin Coleman ,RB,Big Ten
2015,3,Owa Odighizuwa ,DE,Pac-12
2015,3,Garrett Grayson ,QB,MW
2015,3,Chris Conley ,WR,SEC
2015,3,Duke Johnson ,RB,ACC
2015,3,P. J. Williams ,CB,ACC
2015,3,Eli Harold ,DE,ACC
2015,3,Alex Carter ,CB,Pac-12
2015,3,John Miller ,G,ACC
2015,3,Lorenzo Mauldin ,LB,ACC
2015,3,Craig Mager ,CB,Sun Belt
2015,3,Jordan Hicks ,LB,Big 12
2015,3,Tyler Kroft ,TE,Big Ten
2015,3,David Johnson ,RB,MVFC
2015,3,Sammie Coates ,WR,SEC
2015,3,Danielle Hunter ,DE,SEC
2015,3,Sean Mannion ,QB,Pac-12
2015,3,Carl Davis ,DT,Big Ten
2015,3,Chaz Green ,OT,SEC
2015,3,Jeff Heuerman ,TE,Big Ten
2015,3,Henry Anderson ,DE,Pac-12
2015,3,Ty Montgomery ,WR,Pac-12
2015,3,Matt Jones ,RB,SEC
2015,3,Xavier Cooper ,DT,Pac-12
2015,3,Geneo Grissom ,DE,Big 12
2015,3,Steven Nelson ,CB,Pac-12
2015,3,Paul Dawson ,LB,Big 12
2015,4,Angelo Blackson ,DT,SEC
2015,4,Trey Flowers ,DE,SEC
2015,4,Daryl Williams ,OT,Big 12
2015,4,Bryce Petty ,QB,Big 12
2015,4,James Sample ,S,ACC
2015,4,Jamison Crowder ,WR,ACC
2015,4,Jeremy Langford ,RB,Big Ten
2015,4,Justin Hardy ,WR,The American
2015,4,Jalston Fowler ,FB,SEC
2015,4,Clayton Geathers ,S,The American
2015,4,T. J. Clemmings ,OT,ACC
2015,4,Tre' Jackson ,G,ACC
2015,4,Arie Kouandjio ,G,SEC
2015,4,Gabe Wright ,DT,SEC
2015,4,Jamil Douglas ,G,Pac-12
2015,4,Ibraheim Campbell ,S,Big Ten
2015,4,Rodney Gunter ,DT,MEAC
2015,4,Blake Bell ,TE,Big 12
2015,4,Ramik Wilson ,LB,SEC
2015,4,Andrew Donnal ,OT,Big Ten
2015,4,Josh Shaw ,CB,Pac-12
2015,4,Doran Grant ,CB,Big Ten
2015,4,Za'Darius Smith ,DE,SEC
2015,4,Vince Mayle ,WR,Pac-12
2015,4,Kwon Alexander ,LB,SEC
2015,4,Javorius Allen ,RB,Pac-12
2015,4,Mike Davis ,RB,SEC
2015,4,Damien Wilson ,LB,Big Ten
2015,4,Jon Feliciano ,G,ACC
2015,4,Jake Ryan ,LB,Big Ten
2015,4,Terry Poole ,G,MW
2015,4,Shaq Mason ,C,ACC
2015,4,DeAndre Smelter ,WR,ACC
2015,4,Max Garcia ,C,SEC
2015,4,Mark Glowinski ,G,Big 12
2015,4,Marcus Hardison ,DE,Pac-12
2015,4,Tray Walker ,CB,SWAC
2015,5,Grady Jarrett ,DT,ACC
2015,5,David Cobb ,RB,Big Ten
2015,5,Rashad Greene ,WR,ACC
2015,5,Ben Heeney ,LB,Big 12
2015,5,Martrell Spaight ,LB,SEC
2015,5,Adrian Amos ,S,Big Ten
2015,5,MyCole Pruitt ,TE,MVFC
2015,5,Mykkele Thompson ,S,Big 12
2015,5,Bobby McCain ,CB,The American
2015,5,Stefon Diggs ,WR,Big Ten
2015,5,Brett Hundley ,QB,Pac-12
2015,5,Davis Tull ,LB,SoCon
2015,5,Jay Ajayi ,RB,MW
2015,5,Cedric Thompson ,S,Big Ten
2015,5,David Parry ,DT,Pac-12
2015,5,Jarvis Harrison ,G,SEC
2015,5,Kyle Emanuel ,LB,MVFC
2015,5,Tyeler Davison ,DT,MW
2015,5,Karlos Williams ,RB,ACC
2015,5,Tony Lippett ,WR,Big Ten
2015,5,C. J. Uzomah ,TE,SEC
2015,5,Shaquille Riddick ,DE,Big 12
2015,5,J. J. Nelson ,WR,C-USA
2015,5,Jesse James ,TE,Big Ten
2015,5,Neiron Ball ,LB,SEC
2015,5,Kenny Bell ,WR,Big Ten
2015,5,Ryan Russell ,DE,Big Ten
2015,5,Lorenzo Doss ,CB,The American
2015,5,Bradley Pinion ,P,ACC
2015,5,Joe Cardona ,LS,Ind. (FBS)
2015,5,Damian Swann ,CB,SEC
2015,5,Michael Burton ,FB,Big Ten
2015,5,David Mayo ,LB,Sun Belt
2015,5,Tye Smith ,CB,CAA
2015,5,Nick Boyle ,TE,CAA
2015,5,D. J. Alexander ,LB,Pac-12
2015,5,James O'Shaughnessy ,TE,MVFC
2015,5,Cameron Artis-Payne ,RB,SEC
2015,5,Keith Mumphery ,WR,Big Ten
2015,5,Robert Myers ,G,OVC
2015,6,Deiontrez Mount ,LB,ACC
2015,6,Matthew Wells ,LB,SEC
2015,6,Max Valles ,LB,ACC
2015,6,Michael Bennett ,DT,Big Ten
2015,6,Kyshoen Jarrett ,S,ACC
2015,6,Tevin Mitchel ,CB,SEC
2015,6,Tayo Fabuluje ,OT,Big 12
2015,6,Kaelin Clay ,WR,Pac-12
2015,6,Tyrus Thompson ,OT,Big 12
2015,6,Geremy Davis ,WR,The American
2015,6,Evan Spencer ,WR,Big Ten
2015,6,Tony Steward ,LB,ACC
2015,6,Charles Gaines ,CB,ACC
2015,6,Ian Silberman ,G,ACC
2015,6,JaCorey Shepherd ,CB,Big 12
2015,6,Darius Philon ,DT,SEC
2015,6,B. J. Dubose ,DE,ACC
2015,6,Nick O'Leary ,TE,ACC
2015,6,Malcolm Johnson ,TE,SEC
2015,6,Randall Evans ,CB,Big 12
2015,6,Derron Smith ,S,MW
2015,6,Randall Telfer ,TE,Pac-12
2015,6,Leterrius Walton ,DT,MAC
2015,6,Quandre Diggs ,CB,Big 12
2015,6,Bud Sasser ,WR,SEC
2015,6,A. J. Derby ,TE,SEC
2015,6,Darius Kilgo ,DT,Big Ten
2015,6,Darren Waller ,WR,ACC
2015,6,Josh Robinson ,RB,SEC
2015,6,Aaron Ripkowski ,FB,Big 12
2015,6,Amarlo Herrera ,LB,SEC
2015,6,Andy Gallik ,C,ACC
2015,6,Obum Gwacham ,DE,Pac-12
2015,6,Christian Ringo ,DE,Sun Belt
2015,6,Reshard Cliett ,LB,The American
2015,6,Anthony Chickillo ,DE,ACC
2015,6,Kennard Backman ,TE,C-USA
2015,6,Kristjan Sokoli ,DT,MAC
2015,6,Cody Wichmann ,G,MW
2015,6,Christian Covington ,DT,C-USA
2015,6,Rakeem Nunez-Roches ,DT,C-USA
2015,7,Anthony Morris ,OT,OVC
2015,7,Hayes Pullard ,LB,Pac-12
2015,7,Neal Sterling ,WR,Big South
2015,7,Andre Debose ,WR,SEC
2015,7,Austin Reiter ,C,The American
2015,7,Deon Simon ,DT,Southland
2015,7,Bryce Hager ,LB,Big 12
2015,7,Jake Rodgers ,OT,Big Sky
2015,7,Bobby Hart ,OT,ACC
2015,7,Martin Ifedi ,DE,The American
2015,7,Austin Shepherd ,OT,SEC
2015,7,Ben Koyack ,TE,Ind. (FBS)
2015,7,Marcus Murphy ,RB,SEC
2015,7,Joey Iosefa ,FB,MW
2015,7,Edmond Robinson ,LB,SAC
2015,7,Da'Ron Brown ,WR,MAC
2015,7,Dezmin Lewis ,WR,Southland
2015,7,Kenny Hilliard ,RB,SEC
2015,7,Mark Nzeocha ,LB,MW
2015,7,Brian Mihalik ,DE,ACC
2015,7,Mario Alford ,WR,Big 12
2015,7,Gerod Holliman ,S,ACC
2015,7,Corey Robinson ,OT,SEC
2015,7,Ifo Ekpre-Olomu ,CB,Pac-12
2015,7,Dexter McDonald ,CB,Big 12
2015,7,Laurence Gibson ,OT,ACC
2015,7,Trenton Brown ,OT,SEC
2015,7,Tre McBride ,WR,CAA
2015,7,Geoff Swaim ,TE,Big 12
2015,7,Darryl Roberts ,CB,C-USA
2015,7,Ryan Murphy ,S,Pac-12
2015,7,Akeem King ,CB,MW
2015,7,Trevor Siemian ,QB,Big Ten
2015,7,Taurean Nixon ,CB,The American
2015,7,Josh Furman ,S,Big 12
2015,7,Xzavier Dickson ,LB,SEC
2015,7,Rory Anderson ,TE,SEC
2015,7,Denzelle Good ,OT,SAC
2015,7,Gerald Christian ,TE,ACC
2016,1,Jared Goff ,QB,Pac-12
2016,1,Carson Wentz ,QB,MVFC
2016,1,Joey Bosa ,DE,Big Ten
2016,1,Ezekiel Elliott ,RB,Big Ten
2016,1,Jalen Ramsey ,CB,ACC
2016,1,Ronnie Stanley ,OT,Ind. (FBS)
2016,1,DeForest Buckner ,DE,Pac-12
2016,1,Jack Conklin ,OT,Big Ten
2016,1,Leonard Floyd ,LB,SEC
2016,1,Eli Apple ,CB,Big Ten
2016,1,Vernon Hargreaves ,CB,SEC
2016,1,Sheldon Rankins ,DT,ACC
2016,1,Laremy Tunsil ,OT,SEC
2016,1,Karl Joseph ,S,Big 12
2016,1,Corey Coleman ,WR,Big 12
2016,1,Taylor Decker ,OT,Big Ten
2016,1,Keanu Neal ,S,SEC
2016,1,Ryan Kelly ,C,SEC
2016,1,Shaq Lawson ,DE,ACC
2016,1,Darron Lee ,LB,Big Ten
2016,1,Will Fuller ,WR,Ind. (FBS)
2016,1,Josh Doctson ,WR,Big 12
2016,1,Laquon Treadwell ,WR,SEC
2016,1,William Jackson ,CB,The American
2016,1,Artie Burns ,CB,ACC
2016,1,Paxton Lynch ,QB,The American
2016,1,Kenny Clark ,DT,Pac-12
2016,1,Joshua Garnett ,G,Pac-12
2016,1,Robert Nkemdiche ,DT,SEC
2016,1,Vernon Butler ,DT,C-USA
2016,1,Germain Ifedi ,OT,SEC
2016,2,Emmanuel Ogbah ,DE,Big 12
2016,2,Kevin Dodd ,LB,ACC
2016,2,Jaylon Smith ,LB,Ind. (FBS)
2016,2,Hunter Henry ,TE,SEC
2016,2,Myles Jack ,LB,Pac-12
2016,2,Chris Jones ,DT,SEC
2016,2,Xavien Howard ,CB,Big 12
2016,2,Noah Spence ,DE,OVC
2016,2,Sterling Shepard ,WR,Big 12
2016,2,Reggie Ragland ,LB,SEC
2016,2,Kamalei Correa ,LB,MW
2016,2,Austin Johnson ,DT,Big Ten
2016,2,Jihad Ward ,DE,Big Ten
2016,2,Derrick Henry ,RB,SEC
2016,2,A'Shawn Robinson ,DT,SEC
2016,2,Michael Thomas ,WR,Big Ten
2016,2,Jason Spriggs ,OT,Big Ten
2016,2,Jarran Reed ,DT,SEC
2016,2,Nick Martin ,C,Ind. (FBS)
2016,2,Christian Hackenberg ,QB,Big Ten
2016,2,Deion Jones ,LB,SEC
2016,2,Su'a Cravens ,LB,Pac-12
2016,2,Mackensie Alexander ,CB,ACC
2016,2,Tyler Boyd ,WR,ACC
2016,2,Cody Whitehair ,G,Big 12
2016,2,T. J. Green ,CB,ACC
2016,2,Sean Davis ,S,Big Ten
2016,2,Roberto Aguayo ,K,ACC
2016,2,Cyrus Jones ,CB,SEC
2016,2,Vonn Bell ,S,Big Ten
2016,2,James Bradberry ,CB,SoCon
2016,2,Adam Gotsis ,DT,ACC
2016,3,Kevin Byard ,S,C-USA
2016,3,Carl Nassib ,DE,Big Ten
2016,3,Max Tuerk ,C,Pac-12
2016,3,Maliek Collins ,DT,Big Ten
2016,3,Will Redmond ,CB,SEC
2016,3,Yannick Ngakoue ,DE,Big Ten
2016,3,Bronson Kaufusi ,DE,Ind. (FBS)
2016,3,Darian Thompson ,S,MW
2016,3,Jonathan Bullard ,DT,SEC
2016,3,Kenyan Drake ,RB,SEC
2016,3,KeiVarae Russell ,CB,Ind. (FBS)
2016,3,Shilique Calhoun ,DE,Big Ten
2016,3,Shon Coleman ,OT,SEC
2016,3,Daryl Worley ,CB,Big 12
2016,3,Joe Thuney ,G,ACC
2016,3,Isaac Seumalo ,C,Pac-12
2016,3,Adolphus Washington ,DT,Big Ten
2016,3,Austin Hooper ,TE,Pac-12
2016,3,Le'Raven Clark ,OT,Big 12
2016,3,Jordan Jenkins ,LB,SEC
2016,3,Kendall Fuller ,CB,ACC
2016,3,Braxton Miller ,WR,Big Ten
2016,3,Leonte Carroo ,WR,Big Ten
2016,3,Nick Vigil ,LB,MW
2016,3,Kyler Fackrell ,LB,MW
2016,3,Javon Hargrave ,DT,MEAC
2016,3,C. J. Prosise ,RB,Ind. (FBS)
2016,3,Jacoby Brissett ,QB,ACC
2016,3,Brandon Williams ,CB,SEC
2016,3,Cody Kessler ,QB,Pac-12
2016,3,Nick Vannett ,TE,Big Ten
2016,3,Graham Glasgow ,C,Big Ten
2016,3,Vincent Valentine ,DT,Big Ten
2016,3,Rees Odhiambo ,OT,MW
2016,3,Justin Simmons ,S,ACC
2016,4,Joe Schobert ,LB,Big Ten
2016,4,Connor Cook ,QB,Big Ten
2016,4,Charles Tapper ,DE,Big 12
2016,4,Joshua Perry ,LB,Big Ten
2016,4,Sheldon Day ,DT,Ind. (FBS)
2016,4,Tavon Young ,CB,The American
2016,4,Parker Ehinger ,G,The American
2016,4,Eric Murray ,CB,Big Ten
2016,4,Chris Moore ,WR,The American
2016,4,Ryan Smith ,CB,MEAC
2016,4,B. J. Goodson ,LB,ACC
2016,4,Tyler Higbee ,TE,C-USA
2016,4,Miles Killebrew ,S,Big Sky
2016,4,Malcolm Mitchell ,WR,SEC
2016,4,Nick Kwiatkoski ,LB,Big 12
2016,4,Ricardo Louis ,WR,SEC
2016,4,De'Vondre Campbell ,LB,Big Ten
2016,4,Hassan Ridgeway ,DT,Big 12
2016,4,Pharoh Cooper ,KR,SEC
2016,4,Juston Burris ,CB,ACC
2016,4,Tyler Ervin ,RB,MW
2016,4,David Onyemata ,DT,CWUAA
2016,4,Willie Beavers ,G,MAC
2016,4,Andrew Billings ,DT,Big 12
2016,4,Jerald Hawkins ,OT,SEC
2016,4,Deon Bush ,S,ACC
2016,4,Antonio Morrison ,LB,SEC
2016,4,Demarcus Robinson ,WR,SEC
2016,4,Deiondre' Hall ,S,MVFC
2016,4,Evan Boehm ,C,SEC
2016,4,Derrick Kindred ,S,Big 12
2016,4,Alex Lewis ,OT,Big Ten
2016,4,Blake Martinez ,LB,Pac-12
2016,4,Willie Henry ,DT,Big Ten
2016,4,Rashard Robinson ,CB,SEC
2016,4,Kenneth Dixon ,RB,C-USA
2016,4,Dak Prescott ,QB,SEC
2016,4,Devontae Booker ,RB,Pac-12
2016,4,Dean Lowry ,DE,Big Ten
2016,4,Seth DeValve ,TE,Ivy
2016,4,Cardale Jones ,QB,Big Ten
2016,5,Tajae Sharpe ,WR,MAC
2016,5,Zack Sanchez ,CB,Big 12
2016,5,Ronald Blair ,DE,Sun Belt
2016,5,DeAndré Washington ,RB,Big 12
2016,5,Connor McGovern ,G,SEC
2016,5,John Theus ,OT,SEC
2016,5,Matt Judon ,DE,GLIAC
2016,5,Quinton Jefferson ,DT,Big Ten
2016,5,Caleb Benenoch ,OT,Pac-12
2016,5,Paul Perkins ,RB,Pac-12
2016,5,Jordan Howard ,RB,Big Ten
2016,5,Joe Dahl ,G,Pac-12
2016,5,Matt Ioannidis ,DT,The American
2016,5,Wendell Smallwood ,RB,Big 12
2016,5,Jordan Payton ,WR,Pac-12
2016,5,Joe Haeg ,OT,MVFC
2016,5,Jonathan Williams ,RB,SEC
2016,5,LeShaun Sims ,CB,Big Sky
2016,5,Brandon Shell ,OT,SEC
2016,5,K. J. Dillon ,S,Big 12
2016,5,Kentrell Brothers ,LB,SEC
2016,5,Christian Westerman ,G,Pac-12
2016,5,Kevin Hogan ,QB,Pac-12
2016,5,Trevor Davis ,WR,Pac-12
2016,5,Halapoulivaati Vaitai ,OT,Big 12
2016,5,Tyreek Hill ,WR,Gulf South
2016,5,D. J. Reader ,DT,ACC
2016,5,Marqui Christian ,S,Lone Star
2016,5,Spencer Drango ,OT,Big 12
2016,5,Antwione Williams ,LB,Sun Belt
2016,5,Cole Toner ,OT,Ivy
2016,5,Alex Collins ,RB,SEC
2016,5,Rashard Higgins ,WR,MW
2016,5,Trey Caldwell ,CB,Sun Belt
2016,5,Fahn Cooper ,OT,SEC
2016,5,Jatavis Brown ,LB,MAC
2016,6,Andy Janovich ,FB,Big Ten
2016,6,Temarrick Hemingway ,TE,MEAC
2016,6,D. J. White ,CB,ACC
2016,6,Drew Kaser ,P,SEC
2016,6,Moritz Böhringer ,WR, 
2016,6,Tyrone Holmes ,DE,Big Sky
2016,6,Keenan Reynolds ,WR,The American
2016,6,Devante Bond ,LB,Big 12
2016,6,Jerell Adams ,TE,SEC
2016,6,DeAndre Houston-Carson ,CB,CAA
2016,6,Jakeem Grant ,WR,Big 12
2016,6,Nate Sudfeld ,QB,Big Ten
2016,6,David Morgan II ,TE,C-USA
2016,6,Anthony Brown ,CB,Big Ten
2016,6,Josh Forrest ,LB,SEC
2016,6,Jake Rudock ,QB,Big Ten
2016,6,Kolby Listenbee ,WR,Big 12
2016,6,Sebastian Tretola ,G,SEC
2016,6,Cory James ,LB,MW
2016,6,Wes Schweitzer ,G,MW
2016,6,Blake Countess ,CB,SEC
2016,6,Dan Vitale ,FB,Big Ten
2016,6,Derek Watt ,FB,Big Ten
2016,6,Cody Core ,WR,SEC
2016,6,Kyle Murphy ,OT,Pac-12
2016,6,Brandon Allen ,QB,SEC
2016,6,Anthony Zettel ,DE,Big Ten
2016,6,Dadi Nicolas ,LB,ACC
2016,6,Jordan Lucas ,S,Big Ten
2016,6,Harlan Miller ,CB,Southland
2016,6,Mike Thomas ,WR,C-USA
2016,6,Jeff Driskel ,QB,C-USA
2016,6,Kamu Grugier-Hill ,LB,OVC
2016,6,Maurice Canady ,CB,ACC
2016,6,Jimmy Landes ,LS,Big 12
2016,6,Kelvin Taylor ,RB,SEC
2016,6,Kavon Frazier ,S,MAC
2016,6,Aaron Burbridge ,WR,Big Ten
2016,6,Elandon Roberts ,LB,The American
2016,6,Joey Hunt ,C,Big 12
2016,6,Darius Jackson ,RB,MAC
2016,6,Rico Gathers ,TE,Big 12
2016,6,Kevon Seymour ,CB,Pac-12
2016,6,Will Parks ,S,Pac-12
2016,6,Travis Feeney ,LB,Pac-12
2016,6,Ted Karras ,G,Big Ten
2016,7,Aaron Wallace ,LB,Pac-12
2016,7,Brandon Doughty ,QB,C-USA
2016,7,Donavon Clark ,G,Big Ten
2016,7,Devin Lucien ,WR,Pac-12
2016,7,Jonathan Woodard ,DE,Southland
2016,7,Stephen Weatherly ,LB,SEC
2016,7,Riley Dixon ,P,ACC
2016,7,Demarcus Ayers ,WR,The American
2016,7,Daniel Braverman ,WR,MAC
2016,7,Thomas Duarte ,TE,Pac-12
2016,7,Steven Daniels ,LB,ACC
2016,7,Jalen Mills ,S,SEC
2016,7,Vadal Alexander ,G,SEC
2016,7,Lachlan Edwards ,P,Southland
2016,7,Dwayne Washington ,RB,Pac-12
2016,7,Daniel Lasco ,RB,Pac-12
2016,7,Devin Fuller ,WR,Pac-12
2016,7,Trevor Bates ,LB,CAA
2016,7,Alex McCalister ,DE,SEC
2016,7,Charone Peake ,WR,ACC
2016,7,Keith Marshall ,RB,SEC
2016,7,Kenny Lawler ,WR,Pac-12
2016,7,Jayron Kearse ,S,ACC
2016,7,Clayton Fejedelem ,S,Big Ten
2016,7,Tyler Matakevich ,LB,The American
2016,7,Zac Brooks ,RB,ACC
2016,7,Austin Blythe ,C,Big Ten
2016,7,Prince Charles Iworah ,CB,C-USA
2016,7,Scooby Wright ,LB,Pac-12
2016,7,Joe Walker ,LB,Pac-12
2016,7,Beau Sandland ,TE,Big Sky
2016,7,Kalan Reed ,CB,C-USA
2017,1,Myles Garrett ,DE,SEC
2017,1,Mitchell Trubisky ,QB,ACC
2017,1,Solomon Thomas ,DE,Pac-12
2017,1,Leonard Fournette ,RB,SEC
2017,1,Corey Davis ,WR,MAC
2017,1,Jamal Adams ,S,SEC
2017,1,Mike Williams ,WR,ACC
2017,1,Christian McCaffrey ,RB,Pac-12
2017,1,John Ross ,WR,Pac-12
2017,1,Patrick Mahomes ,QB,Big 12
2017,1,Marshon Lattimore ,CB,Big Ten
2017,1,Deshaun Watson ,QB,ACC
2017,1,Haason Reddick ,LB,The American
2017,1,Derek Barnett ,DE,SEC
2017,1,Malik Hooker ,S,Big Ten
2017,1,Marlon Humphrey ,CB,SEC
2017,1,Jonathan Allen ,DE,SEC
2017,1,Adoree' Jackson ,CB,Pac-12
2017,1,O. J. Howard ,TE,SEC
2017,1,Garett Bolles ,OT,Pac-12
2017,1,Jarrad Davis ,LB,SEC
2017,1,Charles Harris ,DE,SEC
2017,1,Evan Engram ,TE,SEC
2017,1,Gareon Conley ,CB,Big Ten
2017,1,Jabrill Peppers ,S,Big Ten
2017,1,Takkarist McKinley ,DE,Pac-12
2017,1,Tre'Davious White ,CB,SEC
2017,1,Taco Charlton ,DE,Big Ten
2017,1,David Njoku ,TE,ACC
2017,1,T. J. Watt ,LB,Big Ten
2017,1,Reuben Foster ,LB,SEC
2017,1,Ryan Ramczyk ,OT,Big Ten
2017,2,Kevin King ,CB,Pac-12
2017,2,Cam Robinson ,OT,SEC
2017,2,Malik McDowell ,DT,Big Ten
2017,2,Budda Baker ,S,Pac-12
2017,2,Zay Jones ,WR,The American
2017,2,Forrest Lamp ,G,C-USA
2017,2,Marcus Maye ,S,SEC
2017,2,Curtis Samuel ,WR,Big Ten
2017,2,Dalvin Cook ,RB,ACC
2017,2,Marcus Williams ,S,Pac-12
2017,2,Sidney Jones ,CB,Pac-12
2017,2,Gerald Everett ,TE,Sun Belt
2017,2,Adam Shaheen ,TE,GLIAC
2017,2,Quincy Wilson ,CB,SEC
2017,2,Tyus Bowser ,LB,The American
2017,2,Joe Mixon ,RB,Big 12
2017,2,Ryan Anderson ,LB,SEC
2017,2,Justin Evans ,S,SEC
2017,2,DeMarcus Walker ,DE,ACC
2017,2,DeShone Kizer ,QB,Ind. (FBS)
2017,2,Teez Tabor ,CB,SEC
2017,2,Raekwon McMillan ,LB,Big Ten
2017,2,Dalvin Tomlinson ,DT,SEC
2017,2,Obi Melifonwu ,S,The American
2017,2,Zach Cunningham ,LB,SEC
2017,2,Ethan Pocic ,C,SEC
2017,2,Tanoh Kpassagnon ,DE,CAA
2017,2,Chidobe Awuzie ,CB,Pac-12
2017,2,Josh Jones ,S,ACC
2017,2,JuJu Smith-Schuster ,WR,Pac-12
2017,2,Dion Dawkins ,G,The American
2017,2,Taylor Moton ,G,MAC
2017,3,Larry Ogunjobi ,DT,C-USA
2017,3,Ahkello Witherspoon ,CB,Pac-12
2017,3,Alvin Kamara ,RB,SEC
2017,3,Dawuane Smoot ,DE,Big Ten
2017,3,Cooper Kupp ,WR,Big Sky
2017,3,Pat Elflein ,C,Big Ten
2017,3,Dan Feeney ,G,Big Ten
2017,3,Taywan Taylor ,WR,C-USA
2017,3,Jordan Willis ,DE,Big 12
2017,3,Chris Wormley ,DE,Big Ten
2017,3,Duke Riley ,LB,SEC
2017,3,Alex Anzalone ,LB,SEC
2017,3,Daeshon Hall ,DE,SEC
2017,3,Tim Williams ,LB,SEC
2017,3,ArDarius Stewart ,WR,SEC
2017,3,Tarell Basham ,DE,MAC
2017,3,Fabian Moreau ,CB,Pac-12
2017,3,Carlos Henderson ,WR,C-USA
2017,3,Derek Rivers ,DE,MVFC
2017,3,Chris Godwin ,WR,Big Ten
2017,3,Antonio Garcia ,OT,Sun Belt
2017,3,Kareem Hunt ,RB,MAC
2017,3,Davis Webb ,QB,Pac-12
2017,3,Eddie Vanderdoes ,DT,Pac-12
2017,3,D'Onta Foreman ,RB,Big 12
2017,3,Shaquill Griffin ,CB,The American
2017,3,John Johnson ,S,ACC
2017,3,Jourdan Lewis ,CB,Big Ten
2017,3,Montravius Adams ,DT,SEC
2017,3,Cameron Sutton ,CB,SEC
2017,3,Lano Hill ,S,Big Ten
2017,3,Kenny Golladay ,WR,MAC
2017,3,Cordrea Tankersley ,CB,ACC
2017,3,Chad Williams ,WR,SWAC
2017,3,Rasul Douglas ,CB,Big 12
2017,3,Jonnu Smith ,TE,C-USA
2017,3,Brendan Langley ,CB,Southland
2017,3,Nazair Jones ,DT,ACC
2017,3,Trey Hendrickson ,LB,C-USA
2017,3,C. J. Beathard ,QB,Big Ten
2017,3,James Conner ,RB,ACC
2017,3,Amara Darboh ,WR,Big Ten
2017,3,Kendell Beckwith ,LB,SEC
2017,4,Vince Biegel ,LB,Big Ten
2017,4,Jaleel Johnson ,DT,Big Ten
2017,4,Dede Westbrook ,WR,Big 12
2017,4,Tedric Thompson ,S,Pac-12
2017,4,Eddie Jackson ,S,SEC
2017,4,Rayshawn Jenkins ,S,ACC
2017,4,Samaje Perine ,RB,Big 12
2017,4,Dorian Johnson ,G,ACC
2017,4,Carl Lawson ,DE,SEC
2017,4,Josh Reynolds ,WR,SEC
2017,4,Mack Hollins ,WR,ACC
2017,4,Tarik Cohen ,RB,MEAC
2017,4,Ben Gedeon ,LB,Big Ten
2017,4,Joe Williams ,RB,Pac-12
2017,4,Nico Siragusa ,G,MW
2017,4,Montae Nicholson ,S,Big Ten
2017,4,Jalen Reeves-Maybin ,LB,SEC
2017,4,Samson Ebukam ,LB,Big Sky
2017,4,Howard Wilson ,CB,The American
2017,4,Michael Roberts ,TE,MAC
2017,4,Josh Malone ,WR,SEC
2017,4,David Sharpe ,OT,SEC
2017,4,Julién Davenport ,OT,Patriot
2017,4,Deatrich Wise Jr. ,DE,SEC
2017,4,Donnel Pumphrey ,RB,MW
2017,4,Ryan Switzer ,WR,ACC
2017,4,Jamaal Williams ,RB,Ind. (FBS)
2017,4,Joshua Dobbs ,QB,SEC
2017,4,Sean Harlow ,C,Pac-12
2017,4,Zach Banner ,G,Pac-12
2017,4,Ryan Glasgow ,DT,Big Ten
2017,4,Jehu Chesson ,WR,Big Ten
2017,4,Wayne Gallman ,RB,ACC
2017,4,Chad Hansen ,WR,Pac-12
2017,4,Carlos Watkins ,DT,ACC
2017,4,Marlon Mack ,RB,The American
2017,4,Grover Stewart ,DT,SIAC
2017,5,Jake Butt ,TE,Big Ten
2017,5,George Kittle ,TE,Big Ten
2017,5,Jordan Morgan ,G,PSAC
2017,5,Blair Brown ,LB,MAC
2017,5,Damontae Kazee ,CB,MW
2017,5,Jordan Leggett ,TE,ACC
2017,5,Desmond King ,CB,Big Ten
2017,5,Corn Elder ,CB,ACC
2017,5,Jake Elliott ,K,The American
2017,5,Jeremy Sprinkle ,TE,SEC
2017,5,Jayon Brown ,LB,Pac-12
2017,5,Brian Hill ,RB,MW
2017,5,Will Holden ,OT,SEC
2017,5,Nate Hairston ,CB,The American
2017,5,Jermaine Eluemunor ,OT,SEC
2017,5,Roderick Johnson ,OT,ACC
2017,5,Anthony Walker Jr. ,LB,Big Ten
2017,5,Jeremy McNichols ,RB,MW
2017,5,Matt Milano ,LB,ACC
2017,5,Isaac Asiata ,G,Pac-12
2017,5,Jamal Agnew ,CB,Pioneer
2017,5,Shelton Gibson ,WR,Big 12
2017,5,Avery Moss ,DE,MVFC
2017,5,Marquel Lee ,LB,ACC
2017,5,Treston Decoud ,CB,Pac-12
2017,5,Rodney Adams ,WR,The American
2017,5,Nathan Peterman ,QB,ACC
2017,5,Isaiah McKenzie ,WR,SEC
2017,5,Brian Allen ,CB,Pac-12
2017,5,Eric Saubert ,TE,Pioneer
2017,5,DeAngelo Yancey ,WR,Big Ten
2017,5,J. J. Dielman ,C,Pac-12
2017,5,Trent Taylor ,WR,C-USA
2017,5,Davon Godchaux ,DT,SEC
2017,5,T. J. Logan ,RB,ACC
2017,5,Danny Isidora ,G,ACC
2017,5,Dylan Donahue ,DE,Gulf South
2017,5,Aaron Jones ,RB,C-USA
2017,5,Ukeme Eligwe ,LB,Sun Belt
2017,5,Nathan Gerry ,S,Big Ten
2017,6,Caleb Brantley ,DT,SEC
2017,6,Chuck Clark ,S,ACC
2017,6,Mike Tyson ,S,The American
2017,6,Elijah McGuire ,RB,Sun Belt
2017,6,Tanzel Smart ,DT,The American
2017,6,Sam Tevi ,OT,Pac-12
2017,6,Xavier Woods ,S,C-USA
2017,6,Alexander Armah ,FB,Gulf South
2017,6,Jordan Evans ,LB,Big 12
2017,6,Vincent Taylor ,DT,Big 12
2017,6,Tanner Vallejo ,LB,MW
2017,6,Al-Quadin Muhammad ,DE,ACC
2017,6,Jeremy Clark ,CB,Big Ten
2017,6,D. J. Jones ,DT,SEC
2017,6,Chase Roullier ,C,MW
2017,6,Adam Bisnowaty ,OT,ACC
2017,6,Bucky Hodges ,TE,ACC
2017,6,Pita Taumoepenu ,DE,Pac-12
2017,6,De'Angelo Henderson ,RB,Ind. (FCS)
2017,6,Derrick Jones ,CB,SEC
2017,6,Jeremiah Ledbetter ,DE,SEC
2017,6,Sam Rogers ,FB,ACC
2017,6,Brandon Wilson ,CB,The American
2017,6,Rudy Ford ,S,SEC
2017,6,Robert Davis ,WR,Sun Belt
2017,6,Justin Senior ,OT,SEC
2017,6,Conor McDermott ,OT,Pac-12
2017,6,Kofi Amichia ,OT,The American
2017,6,Colin Holba ,LS,ACC
2017,6,Elijah Qualls ,DT,Pac-12
2017,6,Brad Kaaya ,QB,ACC
2017,6,Marquez White ,CB,ACC
2017,6,Corey Levin ,G,SoCon
2017,6,Leon McQuay ,S,Pac-12
2017,7,Stacy Coley ,WR,ACC
2017,7,Ifeadi Odenigbo ,DE,Big Ten
2017,7,Shalom Luani ,S,Pac-12
2017,7,Jalen Myrick ,CB,Big Ten
2017,7,Stevie Tu'ikolovatu ,DT,Pac-12
2017,7,Zane Gonzalez ,K,Pac-12
2017,7,Isaac Rochell ,DE,Ind. (FBS)
2017,7,David Moore ,WR,GAC
2017,7,Josh Carraway ,LB,Big 12
2017,7,Joey Ivie ,DT,SEC
2017,7,Adrian Colbert ,CB,ACC
2017,7,Josh Harvey-Clemons ,S,ACC
2017,7,Jylan Ware ,OT,SWAC
2017,7,Elijah Lee ,LB,Big 12
2017,7,Harrison Butker ,K,ACC
2017,7,Ejuan Price ,LB,ACC
2017,7,Joshua Holsey ,CB,SEC
2017,7,Brad Seaton ,OT,CAA
2017,7,Isaiah Ford ,WR,ACC
2017,7,Devante Mays ,RB,MW
2017,7,Noah Brown ,WR,Big Ten
2017,7,Marquez Williams ,FB,ACC
2017,7,Khalfani Muhammad ,RB,Pac-12
2017,7,Elijah Hood ,RB,ACC
2017,7,Kyle Fuller ,C,Big 12
2017,7,Treyvon Hester ,DT,MAC
2017,7,Jack Tocho ,CB,ACC
2017,7,Jordan Carrell ,DT,Pac-12
2017,7,Malachi Dupre ,WR,SEC
2017,7,Keion Adams ,DE,MAC
2017,7,Chris Carson ,RB,Big 12
2017,7,Pat O'Connor ,DE,MAC
2017,7,Mason Schreck ,TE,MAC
2017,7,Matthew Dayes ,RB,ACC
2017,7,Chad Kelly ,QB,SEC
2018,1,Baker Mayfield ,QB,Big 12
2018,1,Saquon Barkley ,RB,Big Ten
2018,1,Sam Darnold ,QB,Pac-12
2018,1,Denzel Ward ,CB,Big Ten
2018,1,Bradley Chubb ,LB,ACC
2018,1,Quenton Nelson ,G,Ind. (FBS)
2018,1,Josh Allen ,QB,MW
2018,1,Roquan Smith ,LB,SEC
2018,1,Mike McGlinchey ,OT,Ind. (FBS)
2018,1,Josh Rosen ,QB,Pac-12
2018,1,Minkah Fitzpatrick ,S,SEC
2018,1,Vita Vea ,NT,Pac-12
2018,1,Daron Payne ,NT,SEC
2018,1,Marcus Davenport ,DE,C-USA
2018,1,Kolton Miller ,OT,Pac-12
2018,1,Tremaine Edmunds ,LB,ACC
2018,1,Derwin James ,S,ACC
2018,1,Jaire Alexander ,CB,ACC
2018,1,Leighton Vander Esch ,LB,MW
2018,1,Frank Ragnow ,C,SEC
2018,1,Billy Price ,C,Big Ten
2018,1,Rashaan Evans ,LB,SEC
2018,1,Isaiah Wynn ,OT,SEC
2018,1,D. J. Moore ,WR,Big Ten
2018,1,Hayden Hurst ,TE,SEC
2018,1,Calvin Ridley ,WR,SEC
2018,1,Rashaad Penny ,RB,MW
2018,1,Terrell Edmunds ,S,ACC
2018,1,Taven Bryan ,DT,SEC
2018,1,Mike Hughes ,CB,The American
2018,1,Sony Michel ,RB,SEC
2018,1,Lamar Jackson ,QB,ACC
2018,2,Austin Corbett ,OT,MW
2018,2,Will Hernandez ,G,C-USA
2018,2,Nick Chubb ,RB,SEC
2018,2,Darius Leonard ,LB,MEAC
2018,2,Braden Smith ,G,SEC
2018,2,Ronald Jones II ,RB,Pac-12
2018,2,James Daniels ,C,Big Ten
2018,2,Courtland Sutton ,WR,The American
2018,2,Harold Landry ,LB,ACC
2018,2,Mike Gesicki ,TE,Big Ten
2018,2,Kerryon Johnson ,RB,SEC
2018,2,Dante Pettis ,WR,Pac-12
2018,2,Josh Jackson ,CB,Big Ten
2018,2,Breeland Speaks ,DE,SEC
2018,2,Christian Kirk ,WR,SEC
2018,2,Uchenna Nwosu ,LB,Pac-12
2018,2,Dallas Goedert ,TE,MVFC
2018,2,Connor Williams ,G,Big 12
2018,2,Anthony Miller ,WR,The American
2018,2,Kemoko Turay ,DE,Big Ten
2018,2,M. J. Stewart ,CB,ACC
2018,2,Jessie Bates ,S,ACC
2018,2,Donte Jackson ,CB,SEC
2018,2,Duke Dawson ,CB,SEC
2018,2,P. J. Hall ,DT,Southland
2018,2,Isaiah Oliver ,CB,Pac-12
2018,2,Derrius Guice ,RB,SEC
2018,2,James Washington ,WR,Big 12
2018,2,D. J. Chark ,WR,SEC
2018,2,Brian O'Neill ,OT,ACC
2018,2,Carlton Davis ,CB,SEC
2018,2,Tyquan Lewis ,DE,Big Ten
2018,3,Brandon Parker ,OT,MEAC
2018,3,Lorenzo Carter ,LB,SEC
2018,3,Chad Thomas ,DE,ACC
2018,3,Justin Reid ,S,Pac-12
2018,3,B. J. Hill ,DT,ACC
2018,3,Fred Warner ,LB,Ind. (FBS)
2018,3,Royce Freeman ,RB,Pac-12
2018,3,Nathan Shepherd ,DT,MIAA
2018,3,Jerome Baker ,LB,Big Ten
2018,3,Geron Christian ,OT,ACC
2018,3,Derrick Nnadi ,DT,ACC
2018,3,Mason Rudolph ,QB,Big 12
2018,3,Sam Hubbard ,DE,Big Ten
2018,3,Malik Jefferson ,LB,Big 12
2018,3,Rasheem Green ,DE,Pac-12
2018,3,Martinas Rankin ,OT,SEC
2018,3,Michael Gallup ,WR,MW
2018,3,Tracy Walker ,S,Sun Belt
2018,3,Orlando Brown ,OT,Big 12
2018,3,Justin Jones ,DT,ACC
2018,3,Rashaan Gaulden ,CB,SEC
2018,3,Mark Andrews ,TE,Big 12
2018,3,Arden Key ,DE,SEC
2018,3,Oren Burks ,LB,SEC
2018,3,Joseph Noteboom ,OT,Big 12
2018,3,Deadrin Senat ,DT,The American
2018,3,Tre'Quan Smith ,WR,The American
2018,3,Chukwuma Okorafor ,OT,MAC
2018,3,Ronnie Harrison ,S,SEC
2018,3,Alex Cappa ,OT,GNAC
2018,3,Tarvarius Moore ,S,C-USA
2018,3,Harrison Phillips ,DT,Pac-12
2018,3,Mason Cole ,C,Big Ten
2018,3,Jordan Akins ,TE,The American
2018,3,Isaac Yiadom ,CB,ACC
2018,3,Dorian O'Daniel ,LB,ACC
2018,4,Ian Thomas ,TE,Big Ten
2018,4,Jalyn Holmes ,DE,Big Ten
2018,4,Keke Coutee ,WR,Big 12
2018,4,Nyheim Hines ,RB,ACC
2018,4,Antonio Callaway ,WR,SEC
2018,4,Josey Jewell ,LB,Big Ten
2018,4,Chris Herndon ,TE,ACC
2018,4,Kyle Lauletta ,QB,CAA
2018,4,Troy Apke ,S,Big Ten
2018,4,Nick Nelson ,CB,Big Ten
2018,4,Brian Allen ,C,Big Ten
2018,4,Mark Walton ,RB,ACC
2018,4,DaeSean Hamilton ,WR,Big Ten
2018,4,Da'Shawn Hand ,DE,SEC
2018,4,Joel Iyiegbuniwe ,LB,C-USA
2018,4,Dorance Armstrong ,DE,Big 12
2018,4,Jordan Whitehead ,S,ACC
2018,4,Anthony Averett ,CB,SEC
2018,4,Kyzir White ,S,Big 12
2018,4,Will Dissly ,TE,Pac-12
2018,4,Taron Johnson ,CB,Big Sky
2018,4,Kenny Young ,LB,Pac-12
2018,4,Durham Smythe ,TE,Ind. (FBS)
2018,4,Armani Watts ,S,SEC
2018,4,Avonte Maddox ,CB,ACC
2018,4,Ito Smith ,RB,C-USA
2018,4,Rick Leonard ,OT,ACC
2018,4,Kentavius Street ,DE,ACC
2018,4,Will Richardson ,OT,ACC
2018,4,Josh Sweat ,DE,ACC
2018,4,Kalen Ballage ,RB,Pac-12
2018,4,Jaleel Scott ,WR,Sun Belt
2018,4,J'Mon Moore ,WR,SEC
2018,4,Chase Edmonds ,RB,Patriot
2018,4,John Franklin-Myers ,DE,Southland
2018,4,Marquis Haynes ,DE,SEC
2018,4,Dalton Schultz ,TE,Pac-12
2018,5,Cole Madison ,G,Pac-12
2018,5,RJ McIntosh ,DT,ACC
2018,5,Maurice Hurst ,DT,Big Ten
2018,5,Shaquem Griffin ,LB,The American
2018,5,D. J. Reed ,CB,Big 12
2018,5,Ja'Whaun Bentley ,LB,Big Ten
2018,5,Justin Watson ,WR,Ivy
2018,5,Bilal Nichols ,DT,CAA
2018,5,Tre Flowers ,S,Big 12
2018,5,Micah Kiser ,LB,ACC
2018,5,Marcus Allen ,S,Big Ten
2018,5,Michael Dickson ,P,Big 12
2018,5,Genard Avery ,LB,The American
2018,5,Davontae Harris ,CB,MVFC
2018,5,Dane Cruikshank ,CB,Pac-12
2018,5,Tyrell Crosby ,OT,Pac-12
2018,5,Siran Neal ,CB,OVC
2018,5,Scott Quessenberry ,C,Pac-12
2018,5,Troy Fumagalli ,TE,Big Ten
2018,5,Tyler Conklin ,TE,MAC
2018,5,Andrew Brown ,DE,ACC
2018,5,Daurice Fountain ,WR,MVFC
2018,5,Ogbonnia Okoronkwo ,LB,Big 12
2018,5,Jermaine Carter ,LB,Big Ten
2018,5,Jordan Lasley ,WR,Pac-12
2018,5,Tim Settle ,DT,ACC
2018,5,Natrell Jamerson ,S,Big Ten
2018,5,Jaylen Samuels ,FB,ACC
2018,5,Wyatt Teller ,G,ACC
2018,5,Daniel Carlson ,K,SEC
2018,5,Jamarco Jones ,OT,Big Ten
2018,5,Jordan Wilkins ,RB,SEC
2018,5*,Darius Phillips ,CB,MAC
2018,5*,Mike White ,QB,C-USA
2018,5*,JK Scott ,P,SEC
2018,5*,Johnny Townsend ,P,SEC
2018,5*,Marquez Valdes-Scantling ,WR,The American
2018,6,Damion Ratley ,WR,SEC
2018,6,John Kelly ,RB,SEC
2018,6,Duke Ejiofor ,DE,ACC
2018,6,Christian Sam ,LB,Pac-12
2018,6,Parry Nickerson ,CB,The American
2018,6,Folorunso Fatukasi ,DT,The American
2018,6,Kylie Fitts ,DE,Pac-12
2018,6,Chris Campbell ,CB,Big Ten
2018,6,Sam Jones ,G,Pac-12
2018,6,Marcell Harris ,S,SEC
2018,6,Deon Cain ,WR,ACC
2018,6,Jacob Martin ,LB,The American
2018,6,Ray-Ray McCloud ,WR,ACC
2018,6,Simeon Thomas ,CB,Sun Belt
2018,6,Kamrin Moore ,CB,ACC
2018,6,DeShon Elliott ,S,Big 12
2018,6,Dylan Cantrell ,WR,Big 12
2018,6,Jamil Demby ,OT,CAA
2018,6,Chris Covington ,LB,Big Ten
2018,6,Russell Gage ,WR,SEC
2018,6,Sebastian Joseph-Day ,DT,Big Ten
2018,6,Tremon Smith ,CB,Southland
2018,6,Shaun Dion Hamilton ,LB,SEC
2018,6,Kahlil McKenzie ,DT,SEC
2018,6,Luke Falk ,QB,Pac-12
2018,6,Foyesade Oluokun ,S,Ivy
2018,6,Boston Scott ,RB,C-USA
2018,6,Jack Cichy ,LB,Big Ten
2018,6,Tanner Lee ,QB,Big Ten
2018,6,Trenton Cannon ,RB,CIAA
2018,6,Trevon Young ,DE,ACC
2018,6,Matt Pryor ,OT,Big 12
2018,6,Equanimeous St. Brown ,WR,Ind. (FBS)
2018,6,Cedrick Wilson Jr. ,WR,MW
2018,6,Cornell Armstrong ,CB,C-USA
2018,6,Braxton Berrios ,WR,ACC
2018,6,Jordan Thomas ,TE,SEC
2018,6,Greg Senat ,OT,NEC
2018,6,Colby Gossett ,G,Sun Belt
2018,6,Peter Kalambayi ,LB,Pac-12
2018,6,Bradley Bozeman ,C,SEC
2018,6,Azeem Victor ,LB,Pac-12
2018,6,Keishawn Bierria ,LB,Pac-12
2018,6,Ade Aruna ,DE,The American
2018,7,Danny Etling ,QB,SEC
2018,7,Alex McGough ,QB,C-USA
2018,7,Matthew Adams ,LB,The American
2018,7,Jermaine Kelly ,CB,MW
2018,7,Jullian Taylor ,DT,The American
2018,7,Javon Wims ,WR,SEC
2018,7,Devante Downs ,LB,Pac-12
2018,7,David Williams ,RB,SEC
2018,7,Quentin Poling ,LB,MAC
2018,7,Marcell Ateman ,WR,Big 12
2018,7,Jason Sanders ,K,MW
2018,7,Leon Jacobs ,LB,Big Ten
2018,7,Travin Howard ,LB,Big 12
2018,7,James Looney ,DE,Pac-12
2018,7,Jordan Mailata ,OT, 
2018,7,Andre Smith ,LB,ACC
2018,7,Zaire Franklin ,LB,ACC
2018,7,Bo Scarbrough ,RB,SEC
2018,7,Nick Bawden ,FB,MW
2018,7,Zach Sieler ,DE,GLIAC
2018,7,Hunter Bradley ,LS,SEC
2018,7,Richie James ,WR,C-USA
2018,7,Greg Stroman ,CB,ACC
2018,7,Kendrick Norton ,DT,ACC
2018,7,Keion Crossen ,CB,SoCon
2018,7,Justin Lawler ,DE,The American
2018,7,Will Clapp ,C,SEC
2018,7,Joshua Frazier ,DT,SEC
2018,7,Logan Cooke ,P,SEC
2018,7,Kendall Donnerson ,LB,OVC
2018,7,Logan Woodside ,QB,MAC
2018,7,Ryan Izzo ,TE,ACC
2018,7,Justin Jackson ,RB,Big Ten
2018,7,Rod Taylor ,G,SEC
2018,7,Auden Tate ,WR,ACC
2018,7,Korey Cunningham ,OT,The American
2018,7,Austin Proehl ,WR,ACC
2018,7,Trey Quinn ,WR,The American
2019,1,Jameis Winston ,QB,ACC
2019,1,Marcus Mariota ,QB,Pac-12
2019,1,Dante Fowler ,DE,SEC
2019,1,Amari Cooper ,WR,SEC
2019,1,Brandon Scherff ,OT,Big Ten
2019,1,Leonard Williams ,DE,Pac-12
2019,1,Kevin White ,WR,Big 12
2019,1,Vic Beasley ,DE,ACC
2019,1,Ereck Flowers ,OT,ACC
2019,1,Todd Gurley ,RB,SEC
2019,1,Trae Waynes ,CB,Big Ten
2019,1,Danny Shelton ,DT,Pac-12
2019,1,Andrus Peat ,OT,Pac-12
2019,1,DeVante Parker ,WR,ACC
2019,1,Melvin Gordon ,RB,Big Ten
2019,1,Kevin Johnson ,CB,ACC
2019,1,Arik Armstead ,DE,Pac-12
2019,1,Marcus Peters ,CB,Pac-12
2019,1,Cameron Erving ,C,ACC
2019,1,Nelson Agholor ,WR,Pac-12
2019,1,Cedric Ogbuehi ,OT,SEC
2019,1,Bud Dupree ,LB,SEC
2019,1,Shane Ray ,DE,SEC
2019,1,D. J. Humphries ,OT,SEC
2019,1,Shaq Thompson ,LB,Pac-12
2019,1,Breshad Perriman ,WR,The American
2019,1,Byron Jones ,CB,The American
2019,1,Laken Tomlinson ,G,ACC
2019,1,Phillip Dorsett ,WR,ACC
2019,1,Damarious Randall ,S,Pac-12
2019,1,Stephone Anthony ,LB,ACC
2019,1,Malcom Brown ,DT,Big 12
2019,2,Landon Collins ,S,SEC
2019,2,Donovan Smith ,OT,Big Ten
2019,2,Mario Edwards Jr. ,DE,ACC
2019,2,T. J. Yeldon ,RB,SEC
2019,2,Devin Smith ,WR,Big Ten
2019,2,Preston Smith ,DE,SEC
2019,2,Eddie Goldman ,DT,ACC
2019,2,Dorial Green-Beckham ,WR,SEC
2019,2,Devin Funchess ,WR,Big Ten
2019,2,Jalen Collins ,CB,SEC
2019,2,Benardrick McKinney ,LB,SEC
2019,2,Hau'oli Kikaha ,LB,Pac-12
2019,2,Eric Kendricks ,LB,Pac-12
2019,2,Jaquiski Tartt ,S,SoCon
2019,2,Eric Rowe ,CB,Pac-12
2019,2,Denzel Perryman ,LB,ACC
2019,2,Mitch Morse ,G,SEC
2019,2,Ronald Darby ,CB,ACC
2019,2,Nate Orchard ,DE,Pac-12
2019,2,Jordan Phillips ,DT,Big 12
2019,2,Jake Fisher ,OT,Pac-12
2019,2,Ameer Abdullah ,RB,Big Ten
2019,2,Maxx Williams ,TE,Big Ten
2019,2,Senquez Golson ,CB,SEC
2019,2,Rob Havenstein ,OT,Big Ten
2019,2,Markus Golden ,DE,SEC
2019,2,Ty Sambrailo ,OT,MW
2019,2,Randy Gregory ,LB,Big Ten
2019,2,Ali Marpet ,G,Liberty
2019,2,Quinten Rollins ,CB,MAC
2019,2,Frank Clark ,DE,Big Ten
2019,2,Jordan Richards ,S,Pac-12
2019,3,D'Joun Smith ,CB,C-USA
2019,3,Jeremiah Poutasi ,G,Pac-12
2019,3,A. J. Cann ,G,SEC
2019,3,Clive Walford ,TE,ACC
2019,3,Tyler Lockett ,WR,Big 12
2019,3,Jaelen Strong ,WR,Pac-12
2019,3,Hroniss Grasu ,C,Pac-12
2019,3,Jamon Brown ,OT,ACC
2019,3,Tevin Coleman ,RB,Big Ten
2019,3,Owa Odighizuwa ,DE,Pac-12
2019,3,Garrett Grayson ,QB,MW
2019,3,Chris Conley ,WR,SEC
2019,3,Duke Johnson ,RB,ACC
2019,3,P. J. Williams ,CB,ACC
2019,3,Eli Harold ,DE,ACC
2019,3,Alex Carter ,CB,Pac-12
2019,3,John Miller ,G,ACC
2019,3,Lorenzo Mauldin ,LB,ACC
2019,3,Craig Mager ,CB,Sun Belt
2019,3,Jordan Hicks ,LB,Big 12
2019,3,Tyler Kroft ,TE,Big Ten
2019,3,David Johnson ,RB,MVFC
2019,3,Sammie Coates ,WR,SEC
2019,3,Danielle Hunter ,DE,SEC
2019,3,Sean Mannion ,QB,Pac-12
2019,3,Carl Davis ,DT,Big Ten
2019,3,Chaz Green ,OT,SEC
2019,3,Jeff Heuerman ,TE,Big Ten
2019,3,Henry Anderson ,DE,Pac-12
2019,3,Ty Montgomery ,WR,Pac-12
2019,3,Matt Jones ,RB,SEC
2019,3,Xavier Cooper ,DT,Pac-12
2019,3,Geneo Grissom ,DE,Big 12
2019,3,Steven Nelson ,CB,Pac-12
2019,3,Paul Dawson ,LB,Big 12
2019,4,Angelo Blackson ,DT,SEC
2019,4,Trey Flowers ,DE,SEC
2019,4,Daryl Williams ,OT,Big 12
2019,4,Bryce Petty ,QB,Big 12
2019,4,James Sample ,S,ACC
2019,4,Jamison Crowder ,WR,ACC
2019,4,Jeremy Langford ,RB,Big Ten
2019,4,Justin Hardy ,WR,The American
2019,4,Jalston Fowler ,FB,SEC
2019,4,Clayton Geathers ,S,The American
2019,4,T. J. Clemmings ,OT,ACC
2019,4,Tre' Jackson ,G,ACC
2019,4,Arie Kouandjio ,G,SEC
2019,4,Gabe Wright ,DT,SEC
2019,4,Jamil Douglas ,G,Pac-12
2019,4,Ibraheim Campbell ,S,Big Ten
2019,4,Rodney Gunter ,DT,MEAC
2019,4,Blake Bell ,TE,Big 12
2019,4,Ramik Wilson ,LB,SEC
2019,4,Andrew Donnal ,OT,Big Ten
2019,4,Josh Shaw ,CB,Pac-12
2019,4,Doran Grant ,CB,Big Ten
2019,4,Za'Darius Smith ,DE,SEC
2019,4,Vince Mayle ,WR,Pac-12
2019,4,Kwon Alexander ,LB,SEC
2019,4,Javorius Allen ,RB,Pac-12
2019,4,Mike Davis ,RB,SEC
2019,4,Damien Wilson ,LB,Big Ten
2019,4,Jon Feliciano ,G,ACC
2019,4,Jake Ryan ,LB,Big Ten
2019,4,Terry Poole ,G,MW
2019,4,Shaq Mason ,C,ACC
2019,4,DeAndre Smelter ,WR,ACC
2019,4,Max Garcia ,C,SEC
2019,4,Mark Glowinski ,G,Big 12
2019,4,Marcus Hardison ,DE,Pac-12
2019,4,Tray Walker ,CB,SWAC
2019,5,Grady Jarrett ,DT,ACC
2019,5,David Cobb ,RB,Big Ten
2019,5,Rashad Greene ,WR,ACC
2019,5,Ben Heeney ,LB,Big 12
2019,5,Martrell Spaight ,LB,SEC
2019,5,Adrian Amos ,S,Big Ten
2019,5,MyCole Pruitt ,TE,MVFC
2019,5,Mykkele Thompson ,S,Big 12
2019,5,Bobby McCain ,CB,The American
2019,5,Stefon Diggs ,WR,Big Ten
2019,5,Brett Hundley ,QB,Pac-12
2019,5,Davis Tull ,LB,SoCon
2019,5,Jay Ajayi ,RB,MW
2019,5,Cedric Thompson ,S,Big Ten
2019,5,David Parry ,DT,Pac-12
2019,5,Jarvis Harrison ,G,SEC
2019,5,Kyle Emanuel ,LB,MVFC
2019,5,Tyeler Davison ,DT,MW
2019,5,Karlos Williams ,RB,ACC
2019,5,Tony Lippett ,WR,Big Ten
2019,5,C. J. Uzomah ,TE,SEC
2019,5,Shaquille Riddick ,DE,Big 12
2019,5,J. J. Nelson ,WR,C-USA
2019,5,Jesse James ,TE,Big Ten
2019,5,Neiron Ball ,LB,SEC
2019,5,Kenny Bell ,WR,Big Ten
2019,5,Ryan Russell ,DE,Big Ten
2019,5,Lorenzo Doss ,CB,The American
2019,5,Bradley Pinion ,P,ACC
2019,5,Joe Cardona ,LS,Ind. (FBS)
2019,5,Damian Swann ,CB,SEC
2019,5,Michael Burton ,FB,Big Ten
2019,5,David Mayo ,LB,Sun Belt
2019,5,Tye Smith ,CB,CAA
2019,5,Nick Boyle ,TE,CAA
2019,5,D. J. Alexander ,LB,Pac-12
2019,5,James O'Shaughnessy ,TE,MVFC
2019,5,Cameron Artis-Payne ,RB,SEC
2019,5,Keith Mumphery ,WR,Big Ten
2019,5,Robert Myers ,G,OVC
2019,6,Deiontrez Mount ,LB,ACC
2019,6,Matthew Wells ,LB,SEC
2019,6,Max Valles ,LB,ACC
2019,6,Michael Bennett ,DT,Big Ten
2019,6,Kyshoen Jarrett ,S,ACC
2019,6,Tevin Mitchel ,CB,SEC
2019,6,Tayo Fabuluje ,OT,Big 12
2019,6,Kaelin Clay ,WR,Pac-12
2019,6,Tyrus Thompson ,OT,Big 12
2019,6,Geremy Davis ,WR,The American
2019,6,Evan Spencer ,WR,Big Ten
2019,6,Tony Steward ,LB,ACC
2019,6,Charles Gaines ,CB,ACC
2019,6,Ian Silberman ,G,ACC
2019,6,JaCorey Shepherd ,CB,Big 12
2019,6,Darius Philon ,DT,SEC
2019,6,B. J. Dubose ,DE,ACC
2019,6,Nick O'Leary ,TE,ACC
2019,6,Malcolm Johnson ,TE,SEC
2019,6,Randall Evans ,CB,Big 12
2019,6,Derron Smith ,S,MW
2019,6,Randall Telfer ,TE,Pac-12
2019,6,Leterrius Walton ,DT,MAC
2019,6,Quandre Diggs ,CB,Big 12
2019,6,Bud Sasser ,WR,SEC
2019,6,A. J. Derby ,TE,SEC
2019,6,Darius Kilgo ,DT,Big Ten
2019,6,Darren Waller ,WR,ACC
2019,6,Josh Robinson ,RB,SEC
2019,6,Aaron Ripkowski ,FB,Big 12
2019,6,Amarlo Herrera ,LB,SEC
2019,6,Andy Gallik ,C,ACC
2019,6,Obum Gwacham ,DE,Pac-12
2019,6,Christian Ringo ,DE,Sun Belt
2019,6,Reshard Cliett ,LB,The American
2019,6,Anthony Chickillo ,DE,ACC
2019,6,Kennard Backman ,TE,C-USA
2019,6,Kristjan Sokoli ,DT,MAC
2019,6,Cody Wichmann ,G,MW
2019,6,Christian Covington ,DT,C-USA
2019,6,Rakeem Nunez-Roches ,DT,C-USA
2019,7,Anthony Morris ,OT,OVC
2019,7,Hayes Pullard ,LB,Pac-12
2019,7,Neal Sterling ,WR,Big South
2019,7,Andre Debose ,WR,SEC
2019,7,Austin Reiter ,C,The American
2019,7,Deon Simon ,DT,Southland
2019,7,Bryce Hager ,LB,Big 12
2019,7,Jake Rodgers ,OT,Big Sky
2019,7,Bobby Hart ,OT,ACC
2019,7,Martin Ifedi ,DE,The American
2019,7,Austin Shepherd ,OT,SEC
2019,7,Ben Koyack ,TE,Ind. (FBS)
2019,7,Marcus Murphy ,RB,SEC
2019,7,Joey Iosefa ,FB,MW
2019,7,Edmond Robinson ,LB,SAC
2019,7,Da'Ron Brown ,WR,MAC
2019,7,Dezmin Lewis ,WR,Southland
2019,7,Kenny Hilliard ,RB,SEC
2019,7,Mark Nzeocha ,LB,MW
2019,7,Brian Mihalik ,DE,ACC
2019,7,Mario Alford ,WR,Big 12
2019,7,Gerod Holliman ,S,ACC
2019,7,Corey Robinson ,OT,SEC
2019,7,Ifo Ekpre-Olomu ,CB,Pac-12
2019,7,Dexter McDonald ,CB,Big 12
2019,7,Laurence Gibson ,OT,ACC
2019,7,Trenton Brown ,OT,SEC
2019,7,Tre McBride ,WR,CAA
2019,7,Geoff Swaim ,TE,Big 12
2019,7,Darryl Roberts ,CB,C-USA
2019,7,Ryan Murphy ,S,Pac-12
2019,7,Akeem King ,CB,MW
2019,7,Trevor Siemian ,QB,Big Ten
2019,7,Taurean Nixon ,CB,The American
2019,7,Josh Furman ,S,Big 12
2019,7,Xzavier Dickson ,LB,SEC
2019,7,Rory Anderson ,TE,SEC
2019,7,Denzelle Good ,OT,SAC
2019,7,Gerald Christian ,TE,ACC
